COUNTY,HS_NUM_FRM,HS_NUM_TO,RULE_TYPE,STDIR_CODE,STREET_NAME,STYP_CODE,PRECINCT,SPLIT_CODE
SUMMIT,8,135,0,,97,CIR,2086159001,2
SUMMIT,157,157,0,,97,CIR,2086159001,2-opt out
SUMMIT,175,653,0,,97,CIR,2086159001,2
SUMMIT,17,68,0,,AMBER,CT,2086159001,4
SUMMIT,9,159,0,,ASPEN MEADOWS,,2086159001,2
SUMMIT,9,34,0,,BEAVERS,DR,2086159001,4
SUMMIT,113,1065,0,,BEAVERS,DR,2086159001,4
SUMMIT,33,564,0,,BLUE FLAG,CIR,2086159001,20
SUMMIT,44,73,0,,BLUE FLAG,DR,2086159001,20
SUMMIT,103,234,0,,BLUE FLAG,DR,2086159001,20
SUMMIT,42,362,0,,BLUE LAKES,RD,2086159001,15
SUMMIT,1454,1454,0,,BLUE LAKES,RD,2086159001,20
SUMMIT,6,90,0,,BLUFF,CT,2086159001,4
SUMMIT,9,121,0,,BOULDER,CIR,2086159001,4
SUMMIT,7,65,0,,BOULDER RIDGE,DR,2086159001,4
SUMMIT,33,1456,0,,BROKEN LANCE,DR,2086159001,4
SUMMIT,44,165,0,,BRYCE ESTATES,RD,2086159001,2
SUMMIT,13,624,0,,CAMRON,LN,2086159001,20
SUMMIT,63,573,0,,CARROLL,LN,2086159001,20
SUMMIT,101,109,0,,CHRISTIE,LN,2086159001,4
SUMMIT,600,935,0,,COLUMBINE,RD,2086159001,4
SUMMIT,66,66,0,,CONIFER,DR,2086159001,2
SUMMIT,1575,1841,1,,COUNTY RD 3,,2086159001,20
SUMMIT,112,112,0,,COUNTY RD 701,,2086159001,20
SUMMIT,163,163,0,,COUNTY RD 708,,2086159001,15
SUMMIT,193,343,0,,COUNTY RD 708,,2086159001,15
SUMMIT,344,344,0,,COUNTY RD 708,,2086159001,15
SUMMIT,350,351,0,,COUNTY RD 708,,2086159001,11
SUMMIT,364,494,0,,COUNTY RD 708,,2086159001,15
SUMMIT,234,580,0,,COUNTY RD 779,,2086159001,20
SUMMIT,1025,1027,0,,COUNTY RD 782,,2086159001,20
SUMMIT,21,461,0,,COUNTY RD 790,,2086159001,20
SUMMIT,33,564,0,,COUNTY RD 791,,2086159001,20
SUMMIT,30,225,0,,COUNTY RD 792,,2086159001,20
SUMMIT,44,73,0,,COUNTY RD 793,,2086159001,20
SUMMIT,103,234,0,,COUNTY RD 793,,2086159001,20
SUMMIT,149,603,0,,COUNTY RD 801,,2086159001,20
SUMMIT,27,438,0,,COUNTY RD 802,,2086159001,20
SUMMIT,48,78,0,,COUNTY RD 847,,2086159001,20
SUMMIT,42,342,0,,COUNTY RD 850,,2086159001,15
SUMMIT,1454,1454,0,,COUNTY RD 850,,2086159001,15
SUMMIT,26,187,0,,COUNTY RD 854,,2086159001,15
SUMMIT,92,277,0,,COUNTY RD 855,,2086159001,20
SUMMIT,34,252,0,,COUNTY RD 856,,2086159001,20
SUMMIT,31,802,0,,COUNTY RD 863,,2086159001,20
SUMMIT,8,522,0,,CROWN,DR,2086159001,2
SUMMIT,22,132,0,,ELLEN,CIR,2086159001,20
SUMMIT,31,147,0,,FLINTSTONE,LN,2086159001,4
SUMMIT,300,1075,0,,FOUR OCLOCK,RD,2086159001,4
SUMMIT,39,148,0,,FOUR OCLOCK RUN,RD,2086159001,4
SUMMIT,163,163,0,,FOUR OCLOCK RUN,RD,2086159001,15
SUMMIT,168,344,0,,FOUR OCLOCK RUN,RD,2086159001,15
SUMMIT,364,494,0,,FOUR OCLOCK RUN,RD,2086159001,15
SUMMIT,1296,1354,0,,GLENWILD,DR,2086159001,4
SUMMIT,11,177,0,,GOLD KING,WAY,2086159001,4
SUMMIT,234,234,0,,GOLD KING,WAY,2086159001,15
SUMMIT,235,785,0,,GOLD KING,WAY,2086159001,20
SUMMIT,10,18,0,,GOLD NUGGET,DR,2086159001,2
SUMMIT,67,67,0,,GOLD NUGGET,DR,2086159001,2-opt out
SUMMIT,137,360,0,,GOLD NUGGET,DR,2086159001,2
SUMMIT,24,218,0,,GOLDEN CROWN,LN,2086159001,2
SUMMIT,18,1001,0,,GRANDVIEW,DR,2086159001,4
SUMMIT,21,362,0,,GREEN MOUNTAIN,DR,2086159001,20
SUMMIT,401,461,0,,GREEN MOUNTAIN,DR,2086159001,15
SUMMIT,36,1333,0,,HAMILTON,LN,2086159001,20
SUMMIT,700,820,0,,HONEYSUCKLE,DR,2086159001,4
SUMMIT,1325,3961,1,,HWY 9,,2086159001,20
SUMMIT,5475,8297,1,,HWY 9,,2086159001,2
SUMMIT,8231,8381,1,,HWY 9,,2086159001,20
SUMMIT,9339,9399,0,,HWY 9,,2086159001,4
SUMMIT,9511,9511,0,,HWY 9,,2086159001,15
SUMMIT,19,62,0,,ILIFF,CT,2086159001,4
SUMMIT,180,180,0,W,JEFFERSON,AVE,2086159001,4
SUMMIT,31,802,0,,KIMMES,LN,2086159001,20
SUMMIT,205,605,0,,KINGS CROWN,RD,2086159001,4
SUMMIT,54,573,0,,LAKEVIEW,DR,2086159001,20
SUMMIT,21,21,0,,LEAP YEAR,TRL,2086159001,2
SUMMIT,42,42,0,,LEAP YEAR,TRL,2086159001,2-opt out
SUMMIT,43,104,0,,LEAP YEAR,TRL,2086159001,2
SUMMIT,105,105,0,,LEAP YEAR,TRL,2086159001,2-opt out
SUMMIT,19,319,0,,LEE,LN,2086159001,20
SUMMIT,7,41,0,,LODESTONE,TRL,2086159001,2
SUMMIT,45,90,0,,LOMAX,DR,2086159001,4
SUMMIT,53,104,0,,LOUISE PLACER,RD,2086159001,2
SUMMIT,105,105,0,,LOUISE PLACER,RD,2086159001,2-opt out
SUMMIT,106,179,0,,LOUISE PLACER,RD,2086159001,2
SUMMIT,29,104,0,,MAGGIE PLACER,LOOP,2086159001,4
SUMMIT,101,715,1,S,MAIN,ST,2086159001,4
SUMMIT,26,186,0,,MCDILL,RD,2086159001,15
SUMMIT,9,61,0,,MEADOWS,CT,2086159001,4
SUMMIT,14,37,0,,MINERS,CT,2086159001,2
SUMMIT,30,225,0,,MONTE CRISTO,DR,2086159001,20
SUMMIT,321,321,0,,MONTE CRISTO MINE,RD,2086159001,20
SUMMIT,20,121,0,,NEW ENGLAND,DR,2086159001,4
SUMMIT,26,204,0,,NORTH WOODS,LN,2086159001,4
SUMMIT,14,110,0,,NOW COLORADO,CT,2086159001,4
SUMMIT,26,56,0,,NUGGET,LN,2086159001,2
SUMMIT,24,91,0,,ODINS,CIR,2086159001,20
SUMMIT,100,655,0,S,PARK,AVE,2086159001,4
SUMMIT,57,145,0,,PARK FOREST,CIR,2086159001,4
SUMMIT,28,597,0,,PARK FOREST,DR,2086159001,4
SUMMIT,300,300,0,,PEAK NINE,RD,2086159001,20
SUMMIT,3412,3412,0,,PEAK NINE,RD,2086159001,4
SUMMIT,200,519,0,,PRIMROSE,PATH,2086159001,4
SUMMIT,9,108,0,,QUANDARY,LN,2086159001,20
SUMMIT,14,133,0,,RED FEATHER,RD,2086159001,4
SUMMIT,10,165,0,,RIVER PARK,DR,2086159001,15
SUMMIT,5,157,0,,RIVERWOOD,DR,2086159001,4
SUMMIT,46,376,0,,ROBERTSON,LN,2086159001,20
SUMMIT,101,885,0,,SAWMILL,RD,2086159001,4
SUMMIT,21,202,0,,SAWMILL RUN,RD,2086159001,15
SUMMIT,65,366,0,,SILVER QUEEN,DR,2086159001,20
SUMMIT,101,301,1,,SKI HILL,RD,2086159001,4
SUMMIT,1075,1185,1,,SKI HILL,RD,2086159001,4
SUMMIT,1521,1521,1,,SKI HILL,RD,2086159001,11
SUMMIT,1705,1769,0,,SKI HILL,RD,2086159001,11
SUMMIT,1841,1841,1,,SKI HILL,RD,2086159001,20
SUMMIT,17,31,0,,SKIHOME,DR,2086159001,4
SUMMIT,107,107,0,,SKIWATCH,DR,2086159001,20
SUMMIT,700,705,0,,SNOWBERRY,LN,2086159001,4
SUMMIT,43,378,0,,SNOWFLAKE,DR,2086159001,4
SUMMIT,69,98,0,,SNOWY RIDGE,RD,2086159001,4
SUMMIT,300,300,0,,SNOWY RIDGE,RD,2086159001,4
SUMMIT,26,168,0,,SPRUCE CREEK,RD,2086159001,2
SUMMIT,187,187,0,,SPRUCE CREEK,RD,2086159001,2-opt out
SUMMIT,196,489,0,,SPRUCE CREEK,RD,2086159001,2
SUMMIT,601,815,0,,SPRUCE CREEK,RD,2086159001,20
SUMMIT,101,118,0,,STREAMSIDE,CIR,2086159001,4
SUMMIT,7,161,0,,SUNRISE POINT,DR,2086159001,4
SUMMIT,30,273,0,,SUNSET,DR,2086159001,20
SUMMIT,48,78,0,,SUSAN,CT,2086159001,15
SUMMIT,16,122,0,,TALL PINES,DR,2086159001,4
SUMMIT,18,70,0,,TIMBER HILL,DR,2086159001,4
SUMMIT,198,460,0,,TIMBER TRAIL,RD,2086159001,11
SUMMIT,31,192,0,,TOMAHAWK,LN,2086159001,4
SUMMIT,20,60,0,,TRAFALGAR,DR,2086159001,4
SUMMIT,68,116,0,,VICTORY,LN,2086159001,4
SUMMIT,305,649,0,,VILLAGE,RD,2086159001,4
SUMMIT,101,321,0,,VILLAGE POINT,DR,2086159001,4
SUMMIT,200,200,0,W,WASHINGTON,AVE,2086159001,4
SUMMIT,13,343,0,,WESTRIDGE,RD,2086159001,4
SUMMIT,9,715,0,,WHITE CLOUD,DR,2086159001,4
SUMMIT,113,117,0,,WILLOW,LN,2086159001,4
SUMMIT,51,134,0,,ADAMS,WAY,2086159002,16
SUMMIT,504,846,0,,AIRPORT,RD,2086159002,5
SUMMIT,847,847,0,,AIRPORT,RD,2086159002,16
SUMMIT,857,915,0,,AIRPORT,RD,2086159002,5
SUMMIT,1000,1000,0,,AIRPORT,RD,2086159002,16
SUMMIT,1017,1925,0,,AIRPORT,RD,2086159002,5
SUMMIT,9022,9022,0,,AIRPORT,RD,2086159002,16
SUMMIT,35,475,0,,ALPENSEE,CT,2086159002,14
SUMMIT,101,107,0,,ALPENSEE,DR,2086159002,16
SUMMIT,115,1058,0,,ALPENSEE,DR,2086159002,14
SUMMIT,300,665,0,,ALPENSEE,RD,2086159002,16
SUMMIT,533,764,0,,AMERICAN,RD,2086159002,16
SUMMIT,48,1509,0,,AMERICAN,WAY,2086159002,16
SUMMIT,5065,5799,0,,AMERICAN,WAY,2086159002,21
SUMMIT,12,103,0,,AUDREY,CIR,2086159002,16
SUMMIT,5393,6664,0,,BARTON,RD,2086159002,16
SUMMIT,33,764,0,,BLUE RIDGE,RD,2086159002,16
SUMMIT,11,121,0,,BROOK,ST,2086159002,16
SUMMIT,31,172,0,,BURRO,LN,2086159002,16
SUMMIT,8,59,0,,COLUMBIA,DR,2086159002,5
SUMMIT,34,272,0,,CONTINENTAL,CT,2086159002,16
SUMMIT,122,122,0,,COUNTY RD 3,,2086159002,16
SUMMIT,1080,1140,2,,COUNTY RD 3,,2086159002,16
SUMMIT,1844,1844,0,,COUNTY RD 3,,2086159002,21
SUMMIT,2581,2581,0,,COUNTY RD 3,,2086159002,21
SUMMIT,2856,2856,0,,COUNTY RD 3,,2086159002,21
SUMMIT,3334,4188,0,,COUNTY RD 3,,2086159002,16
SUMMIT,5064,5799,0,,COUNTY RD 3,,2086159002,21
SUMMIT,6229,6664,0,,COUNTY RD 3,,2086159002,16
SUMMIT,847,847,0,,COUNTY RD 700,,2086159002,16
SUMMIT,867,877,0,,COUNTY RD 700,,2086159002,16
SUMMIT,9022,9022,0,,COUNTY RD 700,,2086159002,16
SUMMIT,12,212,0,,COUNTY RD 901,,2086159002,16
SUMMIT,36,67,0,,COUNTY RD 903,,2086159002,16
SUMMIT,38,79,0,,COUNTY RD 904,,2086159002,16
SUMMIT,43,224,0,,COUNTY RD 905,,2086159002,16
SUMMIT,48,1509,0,,COUNTY RD 906,,2086159002,16
SUMMIT,37,267,0,,COUNTY RD 907,,2086159002,16
SUMMIT,24,104,0,,COUNTY RD 908,,2086159002,16
SUMMIT,26,47,0,,COUNTY RD 909,,2086159002,16
SUMMIT,15,38,0,,COUNTY RD 910,,2086159002,16
SUMMIT,33,524,0,,COUNTY RD 911,,2086159002,16
SUMMIT,26,52,0,,COUNTY RD 912,,2086159002,16
SUMMIT,28,89,0,,COUNTY RD 913,,2086159002,16
SUMMIT,51,132,0,,COUNTY RD 915,,2086159002,16
SUMMIT,25,256,0,,COUNTY RD 916,,2086159002,16
SUMMIT,34,303,0,,COUNTY RD 917,,2086159002,16
SUMMIT,324,764,0,,COUNTY RD 919,,2086159002,16
SUMMIT,37,267,0,,COUNTY RD 920,,2086159002,16
SUMMIT,11,491,0,,COUNTY RD 925,,2086159002,21
SUMMIT,88,184,0,,COUNTY RD 926,,2086159002,21
SUMMIT,68,299,0,,COUNTY RD 930,,2086159002,21
SUMMIT,26,167,0,,COUNTY RD 931,,2086159002,21
SUMMIT,44,113,0,,COUNTY RD 932,,2086159002,21
SUMMIT,21,107,0,,COUNTY RD 933,,2086159002,21
SUMMIT,11,111,0,,COUNTY RD 940,,2086159002,16
SUMMIT,10,91,0,,COUNTY RD 941,,2086159002,16
SUMMIT,720,1131,0,,COUNTY RD 945,,2086159002,16
SUMMIT,115,707,0,,COUNTY RD 950,,2086159002,21
SUMMIT,33,581,0,,COUNTY RD 951,,2086159002,21
SUMMIT,50,300,0,,COUNTY RD 952,,2086159002,21
SUMMIT,58,699,0,,COUNTY RD 970,,2086159002,16
SUMMIT,186,699,0,,COUNTY RD 971,,2086159002,16
SUMMIT,300,665,0,,COUNTY RD 975,,2086159002,16
SUMMIT,75,151,0,,COUNTY RD 978,,2086159002,14
SUMMIT,295,295,0,,COUNTY RD 980,,2086159002,16
SUMMIT,1647,1647,0,,CUCUMBER,RD,2086159002,16
SUMMIT,19,92,0,,CUCUMBER PATCH PLACER,RD,2086159002,5
SUMMIT,45,73,0,,DENISON PLACER,RD,2086159002,5
SUMMIT,29,29,0,,DICKEY,DR,2086159002,21
SUMMIT,58,129,0,,DICKEY,DR,2086159002,16
SUMMIT,12,212,0,,DISCOVERY,RD,2086159002,16
SUMMIT,10,10,0,,FARMERS,LN,2086159002,14
SUMMIT,140,140,0,,FARMERS,LN,2086159002,16
SUMMIT,115,707,0,,GATEWAY,DR,2086159002,21
SUMMIT,22,62,0,,GLORY HOLE,DR,2086159002,16
SUMMIT,50,300,0,,GOLD HILL,RD,2086159002,21
SUMMIT,38,118,0,,GOLD PIECE,DR,2086159002,14
SUMMIT,28,89,0,,GREENWOOD,DR,2086159002,16
SUMMIT,188,892,0,,HIGHWOOD,CIR,2086159002,5
SUMMIT,11695,13203,1,,HWY 9,,2086159002,16
SUMMIT,13215,13217,1,,HWY 9,,2086159002,5
SUMMIT,13365,16353,1,,HWY 9,,2086159002,16
SUMMIT,26,167,0,,INDEPENDENCE,CIR,2086159002,21
SUMMIT,18,474,0,,IRON MASK,RD,2086159002,5
SUMMIT,820,868,0,,KINGDOM,DR,2086159002,5
SUMMIT,37,699,0,E,LAKE VIEW,CIR,2086159002,16
SUMMIT,138,669,0,W,LAKE VIEW,CIR,2086159002,16
SUMMIT,34,113,0,,LODGEPOLE,CIR,2086159002,21
SUMMIT,19,303,0,,LONE HAND,WAY,2086159002,16
SUMMIT,101,325,1,N,MAIN,ST,2086159002,5
SUMMIT,35,89,0,,MOUNTAIN THUNDER,DR,2086159002,5
SUMMIT,1,1,0,,OMAHA,DR,2086159002,14
SUMMIT,75,151,0,,OMAHA,DR,2086159002,14
SUMMIT,200,501,0,N,PARK,AVE,2086159002,5
SUMMIT,12,30,0,,PEAK EIGHT,CT,2086159002,5
SUMMIT,65,592,0,,PEERLESS,DR,2086159002,5
SUMMIT,65,145,0,,PENN LODE,DR,2086159002,5
SUMMIT,10,91,0,,PINE,CIR,2086159002,16
SUMMIT,23,24,0,,PROSPECTOR,CIR,2086159002,16
SUMMIT,37,267,0,,PROTECTOR,CIR,2086159002,16
SUMMIT,25,256,0,,PROTECTOR,PL,2086159002,16
SUMMIT,43,224,0,,QUARTZ,CIR,2086159002,16
SUMMIT,50,87,0,,QUIGLEY,CT,2086159002,16
SUMMIT,37,138,0,,RED QUILL,LN,2086159002,5
SUMMIT,16,101,0,,REGENT,DR,2086159002,5
SUMMIT,128,1648,0,,SETTLERS,DR,2086159002,5
SUMMIT,30,90,0,,SHADOWS,DR,2086159002,16
SUMMIT,125,175,0,,SHADOWS,DR,2086159002,16
SUMMIT,33,582,0,,SHERWOOD,TRL,2086159002,21
SUMMIT,168,260,0,,SHOCK HILL,RD,2086159002,5
SUMMIT,209,359,0,,SHORES,DR,2086159002,5
SUMMIT,48,639,0,,SHORES,LN,2086159002,5
SUMMIT,37,131,0,,SILVER DOLLAR,DR,2086159002,14
SUMMIT,36,67,0,,SITZMARK,CIR,2086159002,16
SUMMIT,110,110,2,,SKI HILL,RD,2086159002,5
SUMMIT,130,260,2,,SKI HILL,RD,2086159002,5
SUMMIT,1080,1140,2,,SKI HILL,RD,2086159002,5
SUMMIT,1200,1200,2,,SKI HILL,RD,2086159002,5
SUMMIT,1891,1979,0,,SKI HILL,RD,2086159002,83
SUMMIT,3334,4188,0,,SKI HILL,RD,2086159002,16
SUMMIT,5064,5799,0,,SKI HILL,RD,2086159002,21
SUMMIT,15,49,0,,SKI POLE,CT,2086159002,16
SUMMIT,46,46,0,,SKI TIP,RD,2086159002,16
SUMMIT,748,748,0,,SKI TIP,RD,2086159002,16
SUMMIT,38,79,0,,SKICREST,LN,2086159002,16
SUMMIT,11,491,0,,SLALOM,DR,2086159002,21
SUMMIT,68,289,0,,SNOWSHOE,CIR,2086159002,21
SUMMIT,26,52,0,,SNOWSTORM,CIR,2086159002,16
SUMMIT,22,189,0,,TASSELS,LOOP,2086159002,5
SUMMIT,24,104,0,,THUNDERHEAD,RD,2086159002,16
SUMMIT,11,42,0,,TIMBER,WAY,2086159002,16
SUMMIT,21,107,0,,TIN CUP,CIR,2086159002,21
SUMMIT,34,123,0,,TWIN PINES,CT,2086159002,16
SUMMIT,23,64,0,,VERDE,CT,2086159002,21
SUMMIT,100,102,0,,WATSON,AVE,2086159002,5
SUMMIT,14,44,0,,WEST POINT LODE,,2086159002,5
SUMMIT,720,1131,0,,WHATLEY RANCH,RD,2086159002,21
SUMMIT,18,67,0,,WILD CAT,RD,2086159002,5
SUMMIT,100,140,0,,WINDWOOD,CIR,2086159002,5
SUMMIT,100,129,0,,WOODS,DR,2086159002,5
SUMMIT,9,105,0,,ZEPPELIN,WAY,2086159002,21
SUMMIT,1,9,0,,ZOE,CT,2086159002,16
SUMMIT,50,162,0,,ALPENVIEW,RD,2086159003,1
SUMMIT,14,56,0,,BACKLAND,CT,2086159003,1
SUMMIT,16,587,0,,BEMROSE,TRL,2086159003,22
SUMMIT,17,272,0,,BLUE GROUSE,TRL,2086159003,1
SUMMIT,146,338,0,,BLUE RIVER,RD,2086159003,1
SUMMIT,353,537,0,,BLUE RIVER,RD,2086159003,1
SUMMIT,538,552,0,,BLUE RIVER,RD,2086159003,3-opt out
SUMMIT,559,584,0,,BLUE RIVER,RD,2086159003,1
SUMMIT,585,622,0,,BLUE RIVER,RD,2086159003,3-opt out
SUMMIT,623,873,0,,BLUE RIVER,RD,2086159003,1
SUMMIT,11,171,0,,BLUE ROCK,DR,2086159003,1
SUMMIT,5,124,0,,BONANZA,TRL,2086159003,1
SUMMIT,60,65,0,,BRADLEY,CIR,2086159003,22
SUMMIT,9,89,0,,BURNTWOOD,LN,2086159003,1
SUMMIT,24,164,0,,CALLE DE PLATA,,2086159003,1
SUMMIT,15,50,0,,COONEY,CT,2086159003,tcw
SUMMIT,61,620,0,,CORONET,DR,2086159003,1
SUMMIT,652,652,0,,CORONET,DR,2086159003,3-opt out
SUMMIT,123,1043,0,,COUNTY RD 625,,2086159003,22
SUMMIT,27,427,0,,COUNTY RD 626,,2086159003,22
SUMMIT,4192,4192,0,,COUNTY RD 626,,2086159003,17
SUMMIT,16,477,0,,COUNTY RD 628,,2086159003,22
SUMMIT,28,249,0,,COUNTY RD 629,,2086159003,22
SUMMIT,31,172,0,,COUNTY RD 630,,2086159003,22
SUMMIT,23,179,0,,COUNTY RD 650,,2086159003,22
SUMMIT,37,117,0,,COUNTY RD 651,,2086159003,22
SUMMIT,136,136,0,,COUNTY RD 651,,2086159003,17
SUMMIT,147,147,0,,COUNTY RD 651,,2086159003,22
SUMMIT,156,156,0,,COUNTY RD 651,,2086159003,17
SUMMIT,167,176,0,,COUNTY RD 651,,2086159003,22
SUMMIT,21,339,0,,COUNTY RD 652,,2086159003,22
SUMMIT,13,563,0,,COUNTY RD 653,,2086159003,22
SUMMIT,60,725,0,,COUNTY RD 655,,2086159003,22
SUMMIT,26,717,0,,COUNTY RD 656,,2086159003,22
SUMMIT,54,163,0,,COUNTY RD 659,,2086159003,22
SUMMIT,20,55,0,,COUNTY RD 660,,2086159003,22
SUMMIT,39,258,0,,COUNTY RD 670,,2086159003,22
SUMMIT,45,130,0,,COUNTY RD 671,,2086159003,22
SUMMIT,30,723,0,,COUNTY RD 672,,2086159003,22
SUMMIT,26,737,0,,COUNTY RD 674,,2086159003,22
SUMMIT,16,477,0,,COUNTY RD 675,,2086159003,22
SUMMIT,68,179,0,,COUNTY RD 676,,2086159003,22
SUMMIT,91,1034,0,,COUNTY RD 805,,2086159003,22
SUMMIT,61,79,0,,CREEK SIDE,DR,2086159003,1
SUMMIT,104,104,0,,CREEK SIDE,DR,2086159003,3-opt out
SUMMIT,105,225,0,,CREEK SIDE,DR,2086159003,1
SUMMIT,9,359,0,,DAVIS,CT,2086159003,1
SUMMIT,60,725,0,,DORIS,DR,2086159003,22
SUMMIT,10,57,0,,ELDORADO,LN,2086159003,1
SUMMIT,29,68,0,,GREGORY,CIR,2086159003,22
SUMMIT,48,48,0,,GREY SQUIRREL,LN,2086159003,1
SUMMIT,80,80,0,,GREY SQUIRREL,LN,2086159003,3-opt out
SUMMIT,81,159,0,,GREY SQUIRREL,LN,2086159003,1
SUMMIT,19,201,0,,HINTERLAND,TRL,2086159003,1
SUMMIT,138,241,0,,HOLLY,LN,2086159003,1
SUMMIT,1330,4012,2,,HWY 9,,2086159003,22
SUMMIT,4192,4222,2,,HWY 9,,2086159003,17
SUMMIT,5484,8058,2,,HWY 9,,2086159003,1
SUMMIT,35,242,0,,INDIANA CREEK,RD,2086159003,1
SUMMIT,321,1397,0,,INDIANA CREEK,RD,2086159003,3-opt out
SUMMIT,20,50,0,,KERRIGAN,CT,2086159003,tcw
SUMMIT,5,91,0,,LAKECREST,DR,2086159003,1
SUMMIT,96,419,0,,LAKESHORE LOOP,,2086159003,1
SUMMIT,37,117,0,,LANCE,LN,2086159003,22
SUMMIT,136,136,0,,LANCE,LN,2086159003,17
SUMMIT,147,147,0,,LANCE,LN,2086159003,22
SUMMIT,156,156,0,,LANCE,LN,2086159003,17
SUMMIT,167,176,0,,LANCE,LN,2086159003,22
SUMMIT,54,163,0,,LINGE,RD,2086159003,22
SUMMIT,654,723,0,,LINGE,RD,2086159003,22
SUMMIT,24,53,0,,MARIPOSA,PL,2086159003,1
SUMMIT,23,23,0,,MARK,CT,2086159003,22
SUMMIT,24,24,0,,MARK,CT,2086159003,17
SUMMIT,114,114,0,,MARK,CT,2086159003,22
SUMMIT,21,545,0,,MOUNTAIN VIEW,DR,2086159003,1
SUMMIT,97,725,0,,MT ARGENTINE,RD,2086159003,3-opt out
SUMMIT,27,107,0,,PEAKS VIEW,CT,2086159003,tcw
SUMMIT,15,139,0,,PENNSYLVANIA CREEK,TRL,2086159003,1
SUMMIT,34,135,0,,PLACER,TRL,2086159003,1
SUMMIT,27,427,0,,QUANDARY,RD,2086159003,22
SUMMIT,4192,4192,0,,QUANDARY,RD,2086159003,17
SUMMIT,11,752,0,,QUANDARY VIEW,,2086159003,22
SUMMIT,123,1051,0,,RANGE,RD,2086159003,22
SUMMIT,28,249,0,,RED FOX,CT,2086159003,22
SUMMIT,31,172,0,,RED FOX,DR,2086159003,22
SUMMIT,12,258,0,,RED MOUNTAIN,TRL,2086159003,1
SUMMIT,12,71,0,,REGAL,CIR,2086159003,1
SUMMIT,88,88,0,,REGAL,CIR,2086159003,3-opt out
SUMMIT,95,95,0,,REGAL,CIR,2086159003,1
SUMMIT,106,106,0,,REGAL,CIR,2086159003,3-opt out
SUMMIT,107,320,0,,REGAL,CIR,2086159003,1
SUMMIT,13,563,0,,RENA,RD,2086159003,22
SUMMIT,36,185,0,,RIVERSHORE,DR,2086159003,1
SUMMIT,14,28,0,,ROCK SPRINGS,RD,2086159003,1
SUMMIT,29,29,0,,ROCK SPRINGS,RD,2086159003,3-opt out
SUMMIT,38,143,0,,ROCK SPRINGS,RD,2086159003,1
SUMMIT,29,249,0,,ROCKY MOUNTAIN,WAY,2086159003,22
SUMMIT,12,185,0,,ROYAL,DR,2086159003,1
SUMMIT,34,135,0,,ROYAL PLACER,TRL,2086159003,1
SUMMIT,16,22,0,,RUSTIC,TER,2086159003,1
SUMMIT,23,23,0,,RUSTIC,TER,2086159003,3-opt out
SUMMIT,24,87,0,,RUSTIC,TER,2086159003,1
SUMMIT,99,99,0,,RUSTIC,TER,2086159003,3-opt out
SUMMIT,21,339,0,,SALLY,CIR,2086159003,22
SUMMIT,4,311,0,,SHERWOOD,LN,2086159003,1
SUMMIT,40,133,0,,SILVERHEELS,RD,2086159003,1
SUMMIT,5,23,0,,SNOWY,CT,2086159003,1
SUMMIT,102,1054,0,,SPRUCE VALLEY,DR,2086159003,3-opt out
SUMMIT,15,15,0,,STARLIT,LN,2086159003,3-opt out
SUMMIT,44,259,0,,STARLIT,LN,2086159003,1
SUMMIT,24,61,0,,TARN,TRL,2086159003,1
SUMMIT,16,31,0,,TARNWOOD,CT,2086159003,3-opt out
SUMMIT,31,294,0,,TARNWOOD,DR,2086159003,3-opt out
SUMMIT,30,50,0,,TIMBER,CT,2086159003,tcw
SUMMIT,26,717,0,,TORDAL,WAY,2086159003,22
SUMMIT,47,132,0,,TOWNSHIP,WAY,2086159003,22
SUMMIT,55,55,0,,TROLL,RD,2086159003,22
SUMMIT,61,111,0,,TWILIGHT,TRL,2086159003,1
SUMMIT,311,469,0,,WAGON,RD,2086159003,1
SUMMIT,100,1015,0,,WHISPERING PINES,CIR,2086159003,tcw
SUMMIT,14,535,0,,WILDERNESS,DR,2086159003,1
SUMMIT,37,66,0,,APEX,CIR,2086159004,18
SUMMIT,32,1018,0,,ATLANTIC LODE,RD,2086159004,18
SUMMIT,0,683,0,,BALDY,RD,2086159004,23
SUMMIT,1110,1321,0,,BALDY,RD,2086159004,18
SUMMIT,83,114,0,,BLUE JAY,DR,2086159004,18
SUMMIT,1911,1911,0,,BOREAS PASS,RD,2086159004,18
SUMMIT,1941,1941,0,,BOREAS PASS,RD,2086159004,18
SUMMIT,1943,1981,0,,BOREAS PASS,RD,2086159004,18
SUMMIT,2011,2031,0,,BOREAS PASS,RD,2086159004,18
SUMMIT,2185,2211,0,,BOREAS PASS,RD,2086159004,18
SUMMIT,2555,2555,0,,BOREAS PASS,RD,2086159004,18
SUMMIT,2745,2985,0,,BOREAS PASS,RD,2086159004,18
SUMMIT,200,220,2,,BRIAR ROSE,LN,2086159004,6
SUMMIT,9,111,0,,BRIDGE,ST,2086159004,6
SUMMIT,356,414,0,,BRIDGE,ST,2086159004,6
SUMMIT,1082,1082,0,,BRIGHT HOPE,RD,2086159004,18
SUMMIT,147,155,0,,BUCYRUS,CIR,2086159004,18
SUMMIT,144,159,0,,BUCYRUS,RD,2086159004,18
SUMMIT,108,237,0,,CAMPION,TRL,2086159004,6
SUMMIT,5,67,0,,CEDAR GREEN,,2086159004,6
SUMMIT,10,62,0,,CHARTER RIDGE,CT,2086159004,18
SUMMIT,5,130,0,,CLUB HOUSE,RD,2086159004,18
SUMMIT,29,56,0,,COLORADO,WAY,2086159004,18
SUMMIT,21,585,0,,CORKSCREW,DR,2086159004,6
SUMMIT,11,237,1,,COUNTY RD 11,,2086159004,23
SUMMIT,4882,4882,0,,COUNTY RD 2,,2086159004,23
SUMMIT,4962,5452,0,,COUNTY RD 2,,2086159004,23
SUMMIT,5752,6231,0,,COUNTY RD 2,,2086159004,23
SUMMIT,56,116,0,,COUNTY RD 450,,2086159004,18
SUMMIT,140,140,0,,COUNTY RD 450,,2086159004,18
SUMMIT,156,156,0,,COUNTY RD 450,,2086159004,23
SUMMIT,22,982,0,,COUNTY RD 500,,2086159004,18
SUMMIT,991,1091,1,,COUNTY RD 500,,2086159004,23
SUMMIT,1002,1012,2,,COUNTY RD 500,,2086159004,18
SUMMIT,37,787,1,,COUNTY RD 502,,2086159004,18
SUMMIT,348,786,2,,COUNTY RD 502,,2086159004,18
SUMMIT,225,225,0,,COUNTY RD 503,,2086159004,18
SUMMIT,20,420,0,,COUNTY RD 504,,2086159004,18
SUMMIT,11,121,0,,COUNTY RD 505,,2086159004,18
SUMMIT,0,683,0,,COUNTY RD 520,,2086159004,23
SUMMIT,1110,1321,0,,COUNTY RD 520,,2086159004,18
SUMMIT,32,91,0,,COUNTY RD 524,,2086159004,23
SUMMIT,46,130,0,,COUNTY RD 525,,2086159004,18
SUMMIT,15,73,0,,COUNTY RD 526,,2086159004,18
SUMMIT,37,77,1,,COUNTY RD 528,,2086159004,18
SUMMIT,107,107,1,,COUNTY RD 528,,2086159004,23
SUMMIT,147,575,1,,COUNTY RD 528,,2086159004,23
SUMMIT,85,151,0,,COUNTY RD 529,,2086159004,18
SUMMIT,222,222,0,,COUNTY RD 529,,2086159004,23
SUMMIT,228,272,0,,COUNTY RD 529,,2086159004,18
SUMMIT,304,304,0,,COUNTY RD 529,,2086159004,23
SUMMIT,218,218,0,,COUNTY RD 530,,2086159004,18
SUMMIT,238,320,0,,COUNTY RD 530,,2086159004,23
SUMMIT,42,101,0,,COUNTY RD 531,,2086159004,23
SUMMIT,122,122,0,,COUNTY RD 531,,2086159004,18
SUMMIT,141,141,0,,COUNTY RD 531,,2086159004,23
SUMMIT,42,207,0,,COUNTY RD 532,,2086159004,23
SUMMIT,236,236,0,,COUNTY RD 532,,2086159004,18
SUMMIT,247,247,0,,COUNTY RD 532,,2086159004,23
SUMMIT,21,61,0,,COUNTY RD 533,,2086159004,18
SUMMIT,62,102,0,,COUNTY RD 533,,2086159004,23
SUMMIT,121,121,0,,COUNTY RD 533,,2086159004,18
SUMMIT,132,212,0,,COUNTY RD 533,,2086159004,23
SUMMIT,251,252,0,,COUNTY RD 533,,2086159004,18
SUMMIT,291,312,0,,COUNTY RD 533,,2086159004,23
SUMMIT,342,342,0,,COUNTY RD 533,,2086159004,18
SUMMIT,351,351,0,,COUNTY RD 533,,2086159004,23
SUMMIT,23,23,0,,COUNTY RD 534,,2086159004,18
SUMMIT,64,182,0,,COUNTY RD 534,,2086159004,23
SUMMIT,183,183,0,,COUNTY RD 534,,2086159004,18
SUMMIT,184,213,0,,COUNTY RD 534,,2086159004,23
SUMMIT,214,214,0,,COUNTY RD 534,,2086159004,18
SUMMIT,253,534,0,,COUNTY RD 534,,2086159004,23
SUMMIT,21,26,0,,COUNTY RD 535,,2086159004,18
SUMMIT,59,59,0,,COUNTY RD 535,,2086159004,23
SUMMIT,89,89,0,,COUNTY RD 535,,2086159004,18
SUMMIT,118,118,0,,COUNTY RD 535,,2086159004,23
SUMMIT,129,129,0,,COUNTY RD 535,,2086159004,18
SUMMIT,148,239,0,,COUNTY RD 535,,2086159004,23
SUMMIT,248,248,0,,COUNTY RD 535,,2086159004,18
SUMMIT,289,298,0,,COUNTY RD 535,,2086159004,23
SUMMIT,309,328,0,,COUNTY RD 535,,2086159004,18
SUMMIT,62,316,0,,COUNTY RD 536,,2086159004,18
SUMMIT,37,103,0,,COUNTY RD 537,,2086159004,23
SUMMIT,10,62,0,,COUNTY RD 538,,2086159004,18
SUMMIT,62,277,0,,COUNTY RD 539,,2086159004,18
SUMMIT,140,174,0,,COUNTY RD 570,,2086159004,23
SUMMIT,66,337,0,,CUMBERLAND,DR,2086159004,23
SUMMIT,4,23,0,,DRAGONFLY GREEN,,2086159004,6
SUMMIT,10,18,0,,DUNKIN,DR,2086159004,18
SUMMIT,11,121,0,,ELK HORN,LN,2086159004,18
SUMMIT,62,316,0,,EMMETT LODE,,2086159004,18
SUMMIT,9,29,0,,FARNCOMB GREEN,,2086159004,6
SUMMIT,4882,4882,0,,FRENCH GULCH,RD,2086159004,23
SUMMIT,4962,5452,0,,FRENCH GULCH,RD,2086159004,23
SUMMIT,5752,6231,0,,FRENCH GULCH,RD,2086159004,23
SUMMIT,50,588,0,N,FULLER PLACER,RD,2086159004,18
SUMMIT,15,397,0,S,FULLER PLACER,RD,2086159004,18
SUMMIT,100,227,0,N,GOLD FLAKE,TER,2086159004,6
SUMMIT,134,141,0,,GOLD RUN,CIR,2086159004,18
SUMMIT,62,277,0,,GOLDENVIEW,DR,2086159004,18
SUMMIT,66,285,0,,GREEN JAY,LN,2086159004,23
SUMMIT,22,982,0,,HIGH POINT,DR,2086159004,18
SUMMIT,991,1091,1,,HIGH POINT,DR,2086159004,23
SUMMIT,1002,1012,2,,HIGH POINT,DR,2086159004,18
SUMMIT,6,38,0,,HUCKLEBERRY GREEN,,2086159004,6
SUMMIT,52,76,0,,HURON,RD,2086159004,18
SUMMIT,156,156,0,,HURON,RD,2086159004,23
SUMMIT,10992,11052,2,,HWY 9,,2086159004,18
SUMMIT,47,483,0,,JUNIATA,CIR,2086159004,23
SUMMIT,9,28,0,,LEAP FROG GREEN,,2086159004,6
SUMMIT,100,102,0,,LINCOLN,PL,2086159004,6
SUMMIT,12,20,0,,LINCOLN GREEN,,2086159004,6
SUMMIT,69,300,0,,LITTLE SALLIE BARBER,TRL,2086159004,23
SUMMIT,85,378,0,,LOCALS,LN,2086159004,6
SUMMIT,4,18,0,,LOGAN,RD,2086159004,6
SUMMIT,16,114,0,,LUISA,DR,2086159004,6
SUMMIT,6,29,0,,MADELINE GREEN,,2086159004,6
SUMMIT,1,61,0,,MAGNUM BONUM,DR,2086159004,18
SUMMIT,37,97,0,,MARYS RIDGE,LN,2086159004,18
SUMMIT,3,22,0,,MEADOW LARK GREEN,,2086159004,6
SUMMIT,9,89,0,,MIDNIGHT SUN,RD,2086159004,6
SUMMIT,301,831,0,,MINERS VIEW,RD,2086159004,23
SUMMIT,0,131,0,,MONARCH,DR,2086159004,23
SUMMIT,37,787,1,,MOONSTONE,RD,2086159004,18
SUMMIT,348,786,2,,MOONSTONE,RD,2086159004,18
SUMMIT,200,232,0,,MORNING STAR,DR,2086159004,6
SUMMIT,0,0,0,,OLIVIA,LN,2086159004,6
SUMMIT,5,5,0,,OLIVIA,LN,2086159004,6
SUMMIT,10,28,0,,ONTARIO GREEN,,2086159004,6
SUMMIT,37,103,0,,PACK SADDLE,LN,2086159004,23
SUMMIT,10,23,0,,PARADISE GREEN,,2086159004,6
SUMMIT,10,23,0,,PROSPECTOR GREEN,,2086159004,6
SUMMIT,10,10,0,,QUEEN OF THE WEST,RD,2086159004,6
SUMMIT,9,224,0,,RACHEL,LN,2086159004,6
SUMMIT,4,15,0,,RAINDROP GREEN,,2086159004,6
SUMMIT,62,67,0,,REILING,RD,2086159004,18
SUMMIT,142,143,0,,REILING,RD,2086159004,18
SUMMIT,68,110,0,,RELIANCE,DR,2086159004,18
SUMMIT,7,67,0,,RODEO,DR,2086159004,6
SUMMIT,200,306,0,N,ROYAL TIGER,RD,2086159004,6
SUMMIT,110,144,2,S,ROYAL TIGER,RD,2086159004,6
SUMMIT,315,325,0,,ROYAL TIGER,RD,2086159004,23
SUMMIT,100,1423,0,,SALLIE BARBER,RD,2086159004,23
SUMMIT,12,127,0,,SHEPPARD,CIR,2086159004,6
SUMMIT,5,39,0,,SILVER GREEN,,2086159004,6
SUMMIT,9,37,0,,SISLER GREEN,,2086159004,6
SUMMIT,1,12,0,,SOUTHFACE,DR,2086159004,18
SUMMIT,310,314,0,,STABLES,DR,2086159004,18
SUMMIT,11,33,0,,STILLSON GREEN,,2086159004,6
SUMMIT,37,227,0,,STILLSON PLACER,TER,2086159004,6
SUMMIT,12,43,0,,SUMMER GREEN,,2086159004,6
SUMMIT,20,420,0,,TIMBERLANE,CIR,2086159004,18
SUMMIT,22,144,0,,UNCLE SAM LODE,,2086159004,18
SUMMIT,7,117,0,,UNION MILL,RD,2086159004,6
SUMMIT,53,56,0,,VIEW,LN,2086159004,18
SUMMIT,11,237,1,,WAGON,RD,2086159004,23
SUMMIT,5,16,0,,WALKER GREEN,,2086159004,6
SUMMIT,15,73,0,,WASHINGTON LODE,,2086159004,18
SUMMIT,190,198,0,,WELLINGTON,RD,2086159004,6
SUMMIT,203,305,1,,WELLINGTON,RD,2086159004,6
SUMMIT,400,579,0,,WELLINGTON,RD,2086159004,6
SUMMIT,10,40,0,,WILLOW GREEN,,2086159004,6
SUMMIT,10,10,0,,WOLFF LYON,RD,2086159004,6
SUMMIT,1,13,0,,BARNEY FORD,DR,2086159005,7
SUMMIT,32,510,0,,BEARING TREE,RD,2086159005,24
SUMMIT,22,362,0,,BRADDOCK,CT,2086159005,24
SUMMIT,31,1051,0,,BRADDOCK,DR,2086159005,24
SUMMIT,18,90,0,,BUFFALO,TER,2086159005,7
SUMMIT,35,219,0,,BYRON,CT,2086159005,7
SUMMIT,21,116,0,,CHAPARRAL,LN,2086159005,24
SUMMIT,15,93,0,,CHESTNUT,LN,2086159005,7
SUMMIT,200,200,0,,CLUBHOUSE,DR,2086159005,24
SUMMIT,17,270,0,,COTTONWOOD,CIR,2086159005,7
SUMMIT,1321,3882,0,,COUNTY RD 2,,2086159005,24
SUMMIT,4951,4951,0,,COUNTY RD 2,,2086159005,24
SUMMIT,5461,5461,0,,COUNTY RD 2,,2086159005,24
SUMMIT,130,440,0,,COUNTY RD 301,,2086159005,24
SUMMIT,455,455,0,,COUNTY RD 301,,2086159005,19
SUMMIT,470,470,0,,COUNTY RD 301,,2086159005,24
SUMMIT,495,559,0,,COUNTY RD 301,,2086159005,19
SUMMIT,560,560,0,,COUNTY RD 301,,2086159005,24
SUMMIT,575,580,0,,COUNTY RD 301,,2086159005,19
SUMMIT,31,1051,0,,COUNTY RD 302,,2086159005,24
SUMMIT,45,211,0,,COUNTY RD 303,,2086159005,24
SUMMIT,22,362,0,,COUNTY RD 304,,2086159005,24
SUMMIT,163,165,0,,COUNTY RD 305,,2086159005,24
SUMMIT,45,205,0,,COUNTY RD 306,,2086159005,24
SUMMIT,349,2602,0,,COUNTY RD 350,,2086159005,24
SUMMIT,375,653,0,,COUNTY RD 352,,2086159005,24
SUMMIT,320,320,0,,COUNTY RD 354,,2086159005,24
SUMMIT,65,92,0,,COUNTY RD 400,,2086159005,19
SUMMIT,95,95,0,,COUNTY RD 400,,2086159005,7
SUMMIT,99,951,0,,COUNTY RD 400,,2086159005,19
SUMMIT,37,401,0,,COUNTY RD 402,,2086159005,19
SUMMIT,582,862,0,,COUNTY RD 402,,2086159005,19
SUMMIT,81,862,0,,COUNTY RD 403,,2086159005,19
SUMMIT,31,431,0,,COUNTY RD 404,,2086159005,19
SUMMIT,137,137,0,,COUNTY RD 450,,2086159005,24
SUMMIT,196,283,0,,COUNTY RD 450,,2086159005,19
SUMMIT,347,408,0,,COUNTY RD 450,,2086159005,24
SUMMIT,436,457,0,,COUNTY RD 450,,2086159005,19
SUMMIT,506,526,0,,COUNTY RD 450,,2086159005,24
SUMMIT,527,527,0,,COUNTY RD 450,,2086159005,19
SUMMIT,546,546,0,,COUNTY RD 450,,2086159005,24
SUMMIT,557,557,0,,COUNTY RD 450,,2086159005,19
SUMMIT,566,566,0,,COUNTY RD 450,,2086159005,24
SUMMIT,577,577,0,,COUNTY RD 450,,2086159005,19
SUMMIT,586,586,0,,COUNTY RD 450,,2086159005,24
SUMMIT,597,597,0,,COUNTY RD 450,,2086159005,19
SUMMIT,606,990,0,,COUNTY RD 450,,2086159005,7
SUMMIT,1010,1680,0,,COUNTY RD 450,,2086159005,24
SUMMIT,21,42,0,,COUNTY RD 451,,2086159005,24
SUMMIT,71,151,0,,COUNTY RD 451,,2086159005,19
SUMMIT,53,94,0,,COUNTY RD 452,,2086159005,7
SUMMIT,112,500,0,,COUNTY RD 452,,2086159005,24
SUMMIT,500,500,0,,COUNTY RD 481,,2086159005,24
SUMMIT,5814,5814,0,,COUNTY RD 483,,2086159005,24
SUMMIT,383,6061,0,,COUNTY RD 6,,2086159005,24
SUMMIT,23,465,0,,DAVENPORT LOOP,,2086159005,24
SUMMIT,130,301,0,,DELAWARE,DR,2086159005,24
SUMMIT,350,350,0,,DELAWARE,DR,2086159005,19
SUMMIT,405,405,0,,DELAWARE,DR,2086159005,24
SUMMIT,420,420,0,,DELAWARE,DR,2086159005,19
SUMMIT,440,445,0,,DELAWARE,DR,2086159005,24
SUMMIT,455,455,0,,DELAWARE,DR,2086159005,19
SUMMIT,470,470,0,,DELAWARE,DR,2086159005,24
SUMMIT,495,559,0,,DELAWARE,DR,2086159005,19
SUMMIT,560,560,0,,DELAWARE,DR,2086159005,24
SUMMIT,575,580,0,,DELAWARE,DR,2086159005,19
SUMMIT,22,107,0,,DEWEY PLACER,,2086159005,7
SUMMIT,530,1330,0,,DISCOVERY HILL,DR,2086159005,7
SUMMIT,11,165,0,,DYER,TRL,2086159005,7
SUMMIT,29,2832,0,,ESTATES,DR,2086159005,24
SUMMIT,19,168,0,,EVANS,CT,2086159005,7
SUMMIT,51,92,0,,FAIRVIEW,BLVD,2086159005,19
SUMMIT,95,95,0,,FAIRVIEW,BLVD,2086159005,7
SUMMIT,99,951,0,,FAIRVIEW,BLVD,2086159005,19
SUMMIT,19,121,0,,FAIRVIEW,CIR,2086159005,24
SUMMIT,75,896,0,,FAIRWAYS,DR,2086159005,7
SUMMIT,8,38,0,,FLETCHER,CT,2086159005,7
SUMMIT,15,91,0,,FOREST,CIR,2086159005,7
SUMMIT,408,408,0,,FOREST HILLS,DR,2086159005,24
SUMMIT,436,457,0,,FOREST HILLS,DR,2086159005,19
SUMMIT,506,526,0,,FOREST HILLS,DR,2086159005,24
SUMMIT,527,527,0,,FOREST HILLS,DR,2086159005,19
SUMMIT,546,546,0,,FOREST HILLS,DR,2086159005,24
SUMMIT,557,557,0,,FOREST HILLS,DR,2086159005,19
SUMMIT,566,566,0,,FOREST HILLS,DR,2086159005,24
SUMMIT,577,577,0,,FOREST HILLS,DR,2086159005,19
SUMMIT,586,586,0,,FOREST HILLS,DR,2086159005,24
SUMMIT,597,597,0,,FOREST HILLS,DR,2086159005,19
SUMMIT,606,990,0,,FOREST HILLS,DR,2086159005,7
SUMMIT,1037,1680,0,,FOREST HILLS,DR,2086159005,24
SUMMIT,1321,3921,0,,FRENCH GULCH,RD,2086159005,24
SUMMIT,4951,4951,0,,FRENCH GULCH,RD,2086159005,24
SUMMIT,5461,5461,0,,FRENCH GULCH,RD,2086159005,24
SUMMIT,28,59,0,,GALENA,CT,2086159005,7
SUMMIT,349,2602,0,,GALENA GULCH,RD,2086159005,24
SUMMIT,108,189,0,,GINGER QUILL,LN,2086159005,24
SUMMIT,19,627,0,,GLEN EAGLE LOOP,,2086159005,7
SUMMIT,76,120,0,,GLENWOOD,CIR,2086159005,7
SUMMIT,59,1280,0,,GOLD RUN,RD,2086159005,7
SUMMIT,273,452,0,,GOLD RUN GULCH,RD,2086159005,24
SUMMIT,1628,1628,0,,GOLD RUN GULCH,RD,2086159005,24
SUMMIT,45,518,0,,GOLDEN AGE,DR,2086159005,7
SUMMIT,97,120,0,,GREEN DRAKE,TRL,2086159005,24
SUMMIT,99,464,0,,HAMILTON,CT,2086159005,7
SUMMIT,320,320,0,,HEADLIGHT,DR,2086159005,24
SUMMIT,163,167,0,,HIGH TOR,RD,2086159005,24
SUMMIT,34,946,0,,HIGHFIELD,TRL,2086159005,7
SUMMIT,21,2529,0,,HIGHLANDS,DR,2086159005,7
SUMMIT,157,191,0,,HURON,RD,2086159005,7
SUMMIT,196,283,0,,HURON,RD,2086159005,19
SUMMIT,347,408,0,,HURON,RD,2086159005,24
SUMMIT,1010,1126,0,,HURON,RD,2086159005,24
SUMMIT,11072,11078,0,,HWY 9,,2086159005,7
SUMMIT,13250,13250,2,,HWY 9,,2086159005,19
SUMMIT,13942,14988,2,,HWY 9,,2086159005,24
SUMMIT,14990,14990,2,,HWY 9,,2086159005,19
SUMMIT,14992,16354,2,,HWY 9,,2086159005,24
SUMMIT,23,23,0,,KIMBALL,PL,2086159005,19
SUMMIT,44,252,0,,KIMBALL,PL,2086159005,24
SUMMIT,250,250,0,,KING FISHER,AVE,2086159005,19
SUMMIT,90,473,0,,LAKE EDGE,DR,2086159005,7
SUMMIT,15,98,0,,LINDEN,LN,2086159005,7
SUMMIT,24,491,0,,LONG RIDGE,DR,2086159005,7
SUMMIT,1499,2000,0,,LOUIS,DR,2086159005,24
SUMMIT,19,196,0,,MARKS,LN,2086159005,7
SUMMIT,26,220,0,,MARKSBERRY,WAY,2086159005,7
SUMMIT,29,133,0,,MUMFORD,PL,2086159005,7
SUMMIT,21,67,0,,NORTH,RD,2086159005,7
SUMMIT,15,93,0,,OAK,LN,2086159005,7
SUMMIT,157,409,0,,OUTTA BOUNDS,DR,2086159005,24
SUMMIT,379,379,0,,PARKVILLE,RD,2086159005,24
SUMMIT,47,150,0,,PEABODY,TER,2086159005,7
SUMMIT,53,360,0,,PELICAN,CIR,2086159005,25
SUMMIT,20,242,0,,POINT VIEW,PL,2086159005,24
SUMMIT,56,1073,0,,PRESTON,WAY,2086159005,7
SUMMIT,189,206,0,,RAC JACK,WAY,2086159005,24
SUMMIT,112,133,0,,REILING,RD,2086159005,19
SUMMIT,600,705,0,,REILING,RD,2086159005,7
SUMMIT,85,199,0,,REVETT,DR,2086159005,19
SUMMIT,200,408,0,,REVETT,DR,2086159005,25
SUMMIT,2,185,0,,ROUNDS,RD,2086159005,7
SUMMIT,25,174,0,,SAGE,DR,2086159005,7
SUMMIT,41,98,0,,SCENIC VIEW,LN,2086159005,24
SUMMIT,81,862,0,,SHEKEL,LN,2086159005,19
SUMMIT,882,882,0,,SHEKEL,LN,2086159005,7
SUMMIT,31,401,0,,SILVER,CIR,2086159005,19
SUMMIT,415,419,0,,SILVER,CIR,2086159005,7
SUMMIT,428,431,0,,SILVER,CIR,2086159005,19
SUMMIT,447,541,0,,SILVER,CIR,2086159005,7
SUMMIT,582,862,0,,SILVER,CIR,2086159005,19
SUMMIT,14,152,0,,SOUTH,RD,2086159005,7
SUMMIT,19,203,0,,SPALDING,TER,2086159005,7
SUMMIT,3,14,0,,SPENCER,CT,2086159005,7
SUMMIT,375,653,0,,SUMMIT GULCH,RD,2086159005,24
SUMMIT,85,172,0,,SUNSHINE RIDGE,LN,2086159005,24
SUMMIT,43,54,0,,SWAN,DR,2086159005,24
SUMMIT,83,84,0,,SWAN,DR,2086159005,19
SUMMIT,114,205,0,,SWAN,DR,2086159005,24
SUMMIT,383,453,0,,TIGER,RD,2086159005,24
SUMMIT,503,503,0,,TIGER,RD,2086159005,19
SUMMIT,613,653,0,,TIGER,RD,2086159005,24
SUMMIT,678,718,0,,TIGER,RD,2086159005,7
SUMMIT,843,843,0,,TIGER,RD,2086159005,24
SUMMIT,1268,1268,0,,TIGER,RD,2086159005,19
SUMMIT,1741,6061,0,,TIGER,RD,2086159005,24
SUMMIT,45,45,0,,UPLAND,DR,2086159005,19
SUMMIT,62,62,0,,UPLAND,DR,2086159005,24
SUMMIT,71,71,0,,UPLAND,DR,2086159005,19
SUMMIT,82,112,0,,UPLAND,DR,2086159005,24
SUMMIT,131,152,0,,UPLAND,DR,2086159005,19
SUMMIT,171,211,0,,UPLAND,DR,2086159005,24
SUMMIT,33,218,0,,VISTA VIEW,PL,2086159005,24
SUMMIT,57,515,0,,WESTERMAN,RD,2086159005,7
SUMMIT,42,69,0,,BLANCA PEAK,CIR,2086159006,31
SUMMIT,10,28,0,,BRUSHWOOD,CT,2086159006,31
SUMMIT,21,86,0,,CANYON VIEW,CT,2086159006,31
SUMMIT,1,88,0,,CIRCLE A,,2086159006,31
SUMMIT,24,79,0,,CIRCLE B,,2086159006,31
SUMMIT,42,69,0,,CIRCLE C,,2086159006,31
SUMMIT,89,630,0,,CIRCLE D,,2086159006,31
SUMMIT,120,175,0,,CIRCLE E,,2086159006,31
SUMMIT,12,96,0,,COACHMAN,CT,2086159006,31
SUMMIT,34,293,0,,COUNTY RD 125,,2086159006,31
SUMMIT,146,146,0,,COUNTY RD 142,,2086159006,31
SUMMIT,40,40,0,,COVE,BLVD,2086159006,31
SUMMIT,80,120,0,,COVE,BLVD,2086159006,31
SUMMIT,357,371,0,,COVE,BLVD,2086159006,31
SUMMIT,405,1267,0,,COVE,BLVD,2086159006,31
SUMMIT,10,55,0,,DYLAN,CT,2086159006,31
SUMMIT,103,192,0,,ELIZABETH,CIR,2086159006,31
SUMMIT,20,205,0,,GINGER QUILL,CT,2086159006,31
SUMMIT,15,49,0,,GRAYS PEAK,TRL,2086159006,31
SUMMIT,10,58,0,,GREY FOX,LN,2086159006,31
SUMMIT,15,70,0,,HABITAT,CT,2086159006,31
SUMMIT,19,153,0,,LANDON,LN,2086159006,31
SUMMIT,10,52,0,,LEGEND,CIR,2086159006,31
SUMMIT,11,166,0,,LONE WOLF,CT,2086159006,31
SUMMIT,680,680,0,,LOWRY CAMPGROUND,RD,2086159006,99
SUMMIT,24,79,0,,MAROON PEAK,CIR,2086159006,31
SUMMIT,200,636,0,,MEADOW WOOD,CIR,2086159006,31
SUMMIT,16,39,0,,MONTANE,CT,2086159006,31
SUMMIT,20,103,0,,MULE DEER,CT,2086159006,31
SUMMIT,120,175,0,,PIKES PEAK,PL,2086159006,31
SUMMIT,10,24,0,,RAINDANCE,TRL,2086159006,31
SUMMIT,89,119,0,,RED CLOUD PEAK,CIR,2086159006,31
SUMMIT,687,1109,0,,ROYAL COACHMAN,BLVD,2086159006,31
SUMMIT,15,61,0,,SAGE VIEW,CT,2086159006,31
SUMMIT,15,130,0,,SHANE,CT,2086159006,31
SUMMIT,14,97,0,,SNOW PEAK,CT,2086159006,31
SUMMIT,1,687,0,,SNOWMASS,CIR,2086159006,31
SUMMIT,34,293,0,,SODA CREEK,CT,2086159006,31
SUMMIT,24,237,0,,TELLURIDE,CT,2086159006,31
SUMMIT,14,24,0,,ALDERS,LN,2086159007,37
SUMMIT,700,764,0,,ALHAMBRA,RD,2086159007,37
SUMMIT,166,276,0,,ALPEN ROSE,PL,2086159007,37
SUMMIT,44,75,0,,ANTLERS GULCH,RD,2086159007,37
SUMMIT,11,32,0,,APPALOOSA,CT,2086159007,37
SUMMIT,14,34,0,,ARABELLA,DR,2086159007,37
SUMMIT,16,66,0,,ARAPAHOE,TRL,2086159007,37
SUMMIT,165,177,0,,ARGENTINE,CT,2086159007,37
SUMMIT,23107,23137,0,,ASPEN,WAY,2086159007,37
SUMMIT,19,131,0,,ASTER,LN,2086159007,32
SUMMIT,23077,23237,0,,BARBOUR,DR,2086159007,37
SUMMIT,13,44,0,,BEAR TREE,CT,2086159007,37
SUMMIT,21,52,0,,BRISTLECONE,CT,2086159007,37
SUMMIT,7,853,0,,BULLION MINE,RD,2086159007,35
SUMMIT,116,293,0,,CARAVELLE,DR,2086159007,37
SUMMIT,760,760,0,,CHIHUAHUA GULCH,RD,2086159007,35
SUMMIT,25,205,0,,CLOVER,LN,2086159007,35
SUMMIT,13,44,0,,COUNTY RD 162,,2086159007,37
SUMMIT,75,443,0,,COUNTY RD 165,,2086159007,37
SUMMIT,22,3150,0,,COUNTY RD 175,,2086159007,37
SUMMIT,63,75,0,,COUNTY RD 188,,2086159007,37
SUMMIT,4,18,0,,COUNTY RD 224,,2086159007,37
SUMMIT,24,643,0,,COUNTY RD 255,,2086159007,35
SUMMIT,275,280,0,,COUNTY RD 268,,2086159007,57
SUMMIT,584,584,0,,COUNTY RD 5,,2086159007,35
SUMMIT,5115,5455,0,,COUNTY RD 5,,2086159007,55
SUMMIT,5244,5244,0,,COUNTY RD 5,,2086159007,35
SUMMIT,18,297,0,,COUNTY RD 67,,2086159007,37
SUMMIT,17,180,0,,COUNTY RD 68,,2086159007,37
SUMMIT,116,200,0,,COUNTY RD 71,,2086159007,37
SUMMIT,31,31,0,,COUNTY RD 72,,2086159007,35
SUMMIT,165,1513,0,,COUNTY RD 8,,2086159007,37
SUMMIT,22318,22318,0,,DECATUR HILL,RD,2086159007,37
SUMMIT,135,135,0,,DERCUM,DR,2086159007,37
SUMMIT,100,150,0,,DERCUM,SQ,2086159007,37
SUMMIT,17,58,0,,EDELWEISS,CIR,2086159007,35
SUMMIT,120,671,0,,ELK,CIR,2086159007,37
SUMMIT,38,426,0,,ELK CROSSING,LN,2086159007,37
SUMMIT,10,63,0,,ELK SPUR,LN,2086159007,37
SUMMIT,48,52,0,,FIFTH,ST,2086159007,55
SUMMIT,76,76,0,,FIREHOUSE,DR,2086159007,37
SUMMIT,63,118,0,,FORGET ME NOT,LN,2086159007,35
SUMMIT,48,48,0,,FOURTH,ST,2086159007,55
SUMMIT,33,293,0,,GENTIAN,RD,2086159007,35
SUMMIT,6,160,0,,GOLDENROD,CIR,2086159007,32
SUMMIT,19,180,0,E,HANSON,RD,2086159007,37
SUMMIT,17,77,0,W,HANSON,RD,2086159007,37
SUMMIT,50,50,0,,HARDWICK,ST,2086159007,55
SUMMIT,5275,5465,0,,HARDWICK,ST,2086159007,55
SUMMIT,20,231,0,,HAWK,CIR,2086159007,35
SUMMIT,20,208,0,,HUNKIDORI,CT,2086159007,37
SUMMIT,21273,23237,0,,HWY 6,,2086159007,37
SUMMIT,28194,28194,0,,HWY 6,,2086159007,35
SUMMIT,140,140,0,,IDA BELL,DR,2086159007,37
SUMMIT,11,111,0,,INDEPENDENCE,LN,2086159007,37
SUMMIT,118,878,0,,INDEPENDENCE,RD,2086159007,37
SUMMIT,165,1513,0,,KEYSTONE,RD,2086159007,37
SUMMIT,22,3150,0,,KEYSTONE GULCH,RD,2086159007,37
SUMMIT,22,27,0,,KEYSTONE RANCH,RD,2086159007,37
SUMMIT,900,900,0,,KEYSTONE RANCH,RD,2086159007,35
SUMMIT,1250,1254,0,,KEYSTONE RANCH,RD,2086159007,37
SUMMIT,1293,2494,0,,KEYSTONE RANCH,RD,2086159007,35
SUMMIT,1,161,0,,KINNIKINNIK,RD,2086159007,35
SUMMIT,17,97,0,,LAKE RIDGE,CIR,2086159007,37
SUMMIT,23,113,0,,LAST CHANCE,LN,2086159007,37
SUMMIT,11,122,0,,LENAWEE,LN,2086159007,37
SUMMIT,50,150,0,,LICHEN,LN,2086159007,35
SUMMIT,650,8146,0,,LONE PINE,CIR,2086159007,37
SUMMIT,5342,5425,0,,MAIN,ST,2086159007,55
SUMMIT,27,740,0,,MEISEL,DR,2086159007,37
SUMMIT,5395,5475,0,,MILNER,ST,2086159007,57
SUMMIT,5485,5485,0,,MILNER,ST,2086159007,55
SUMMIT,5724,5724,0,,MILNER,ST,2086159007,57
SUMMIT,85,85,0,,MONTEZUMA,RD,2086159007,55
SUMMIT,444,669,0,,MONTEZUMA,RD,2086159007,37
SUMMIT,670,5080,0,,MONTEZUMA,RD,2086159007,35
SUMMIT,5115,5485,0,,MONTEZUMA,RD,2086159007,55
SUMMIT,5244,5244,0,,MONTEZUMA,RD,2086159007,35
SUMMIT,5534,8450,0,,MONTEZUMA,RD,2086159007,35
SUMMIT,17,17,0,,MORGAN GULCH,RD,2086159007,55
SUMMIT,69,97,0,,MORGAN GULCH,RD,2086159007,57
SUMMIT,59,326,0,,MOUNTAIN BLUEBELL,RD,2086159007,35
SUMMIT,32,111,0,,NORSE,LN,2086159007,37
SUMMIT,28,227,0,,NORTH FORK,RD,2086159007,37
SUMMIT,502,552,0,,NORTHSTAR,DR,2086159007,37
SUMMIT,6,1653,0,,ORO GRANDE,DR,2086159007,37
SUMMIT,44,77,0,,PAINT BRUSH,LN,2086159007,35
SUMMIT,28,72,0,,PAULSON,PL,2086159007,37
SUMMIT,112,373,0,,PENSTEMON,RD,2086159007,35
SUMMIT,661,1118,0,,PENSTEMON,RD,2086159007,32
SUMMIT,189,189,0,,PERU CREEK,RD,2086159007,35
SUMMIT,1026,1765,0,,PERU CREEK,RD,2086159007,35
SUMMIT,47,77,0,,PHLOX,LN,2086159007,35
SUMMIT,20,30,0,,PINE MEADOWS,LN,2086159007,37
SUMMIT,11,42,0,,PORCUPINE,CT,2086159007,37
SUMMIT,30,48,0,,POTENTILLA,CIR,2086159007,32
SUMMIT,31,90,0,,POTENTILLA,LN,2086159007,32
SUMMIT,3502,3502,0,,POTENTILLA,LN,2086159007,32
SUMMIT,57,122,0,,PRIMROSE,LN,2086159007,35
SUMMIT,208,1245,0,,RANCH HOUSE,DR,2086159007,35
SUMMIT,17,57,0,,RASOR,CT,2086159007,37
SUMMIT,18,297,0,,RASOR,DR,2086159007,37
SUMMIT,105,105,0,,RIVER COURSE,DR,2086159007,37
SUMMIT,155,155,0,,RIVER COURSE,DR,2086159007,35
SUMMIT,31,68,0,,RIVER OVERLOOK,CT,2086159007,37
SUMMIT,24,195,0,,RIVER RUN,RD,2086159007,37
SUMMIT,1628,1628,0,,SAINT JOHNS,RD,2086159007,37
SUMMIT,33,50,0,,SAINTS JOHN,RD,2086159007,55
SUMMIT,75,1200,0,,SAINTS JOHN,RD,2086159007,35
SUMMIT,4,18,0,,SANCTUARY,LN,2086159007,37
SUMMIT,21,92,0,,SAW WHISKERS,CIR,2086159007,37
SUMMIT,16,56,0,,SAW WHISKERS,DR,2086159007,37
SUMMIT,49,49,0,,SECOND,ST,2086159007,55
SUMMIT,10,30,0,,SKIERS VIEW,CT,2086159007,37
SUMMIT,38,64,0,,SNAKE RIVER,DR,2086159007,37
SUMMIT,18,221,0,,SNAKE RIVER,RD,2086159007,37
SUMMIT,100,1213,0,,SODA RIDGE,RD,2086159007,37
SUMMIT,1217,2027,0,,SODA RIDGE,RD,2086159007,37
SUMMIT,28,3513,0,,SPRUCE,CIR,2086159007,32
SUMMIT,15,47,0,,STAGE STOP,RD,2086159007,37
SUMMIT,21,91,0,,STARFIRE,LN,2086159007,37
SUMMIT,29,75,0,,STONEY,TRL,2086159007,37
SUMMIT,75,5534,0,,STS JOHN,RD,2086159007,35
SUMMIT,5,33,0,,SUNFLOWER,CIR,2086159007,35
SUMMIT,30,680,0,,TENNIS CLUB,RD,2086159007,37
SUMMIT,36,83,0,,THACKWELL,LN,2086159007,37
SUMMIT,2,100,0,,THIRD,ST,2086159007,55
SUMMIT,15,70,0,,TIEZE,LN,2086159007,37
SUMMIT,11,189,0,,TIP TOP,TRL,2086159007,37
SUMMIT,22,112,0,E,TRADE,CT,2086159007,37
SUMMIT,18,61,0,W,TRADE,CT,2086159007,37
SUMMIT,224,648,0,,TRAILHEAD,DR,2086159007,37
SUMMIT,28,106,0,,TRAPPERS CROSSING,TRL,2086159007,37
SUMMIT,21,71,0,,WAPITI,WAY,2086159007,37
SUMMIT,5115,5480,0,,WEBSTER,ST,2086159007,55
SUMMIT,40,100,0,,WILD IRIS,LN,2086159007,35
SUMMIT,18,1049,0,,WILD IRISHMAN,LN,2086159007,37
SUMMIT,55,443,0,,WILD IRISHMAN,RD,2086159007,37
SUMMIT,9,48,0,,WINTERGREEN,CIR,2086159007,35
SUMMIT,10,85,0,,WOLF ROCK,RD,2086159007,37
SUMMIT,74,124,0,,YARROW,LN,2086159007,35
SUMMIT,62,202,0,,YONLEY,ST,2086159007,55
SUMMIT,701,889,0,E,ANEMONE,TRL,2086159008,26
SUMMIT,736,751,0,W,ANEMONE,TRL,2086159008,26
SUMMIT,767,787,0,W,ANEMONE,TRL,2086159008,98
SUMMIT,956,956,0,W,ANEMONE,TRL,2086159008,26
SUMMIT,200,400,0,W,BUFFALO,ST,2086159008,26
SUMMIT,104,186,0,,BUFFALO,ST,2086159008,26
SUMMIT,7,37,0,,COUNTY RD 79,,2086159008,33
SUMMIT,70,111,0,,COUNTY RD 88,,2086159008,33
SUMMIT,193,450,0,,EASTRIDGE,DR,2086159008,33
SUMMIT,101,316,0,,GOLD RUN,CIR,2086159008,26
SUMMIT,21,86,0,,GUYOT,LN,2086159008,33
SUMMIT,44,343,0,,HIGH MEADOW,DR,2086159008,33
SUMMIT,10,22,0,,HIGH MEADOW,TRL,2086159008,33
SUMMIT,112,450,0,E,LA BONTE,ST,2086159008,26
SUMMIT,212,413,0,W,LA BONTE,ST,2086159008,26
SUMMIT,122,652,0,,LAKE DILLON,DR,2086159008,26
SUMMIT,40,291,0,,LAKESIDE,DR,2086159008,33
SUMMIT,244,401,0,,LODGEPOLE,ST,2086159008,26
SUMMIT,9,63,0,,LONG BOW,LN,2086159008,33
SUMMIT,103,135,0,,MAIN,ST,2086159008,26
SUMMIT,9,95,0,,PINNACLE,LN,2086159008,33
SUMMIT,7,37,0,,SAGE,RD,2086159008,33
SUMMIT,117,507,0,,SUMMERWOOD,DR,2086159008,33
SUMMIT,149,616,0,,TENDERFOOT,ST,2086159008,26
SUMMIT,100,121,0,,THREE RIVERS,ST,2086159008,26
SUMMIT,34,127,0,,TORREY,LN,2086159008,33
SUMMIT,104,200,0,,VILLAGE,PL,2086159008,26
SUMMIT,11,461,0,,ALPINE,RD,2086159009,30
SUMMIT,500,882,0,,ALPINE,RD,2086159009,30
SUMMIT,16,67,0,,ARROWHEAD,CT,2086159009,30
SUMMIT,14,94,0,,BEAVER,CT,2086159009,30
SUMMIT,13,443,0,,BIG ELK,RD,2086159009,30
SUMMIT,32,153,0,,CANYON,TRL,2086159009,30
SUMMIT,11,111,0,,CORINTHIAN,CIR,2086159009,28
SUMMIT,15,246,0,,COTTONWOOD,DR,2086159009,30
SUMMIT,0,499,0,,COUNTY RD 51,,2086159009,30
SUMMIT,56,68,0,,COUNTY RD 76,,2086159009,41
SUMMIT,97,97,0,,COUNTY RD 76,,2086159009,30
SUMMIT,98,147,0,,COUNTY RD 76,,2086159009,41
SUMMIT,24,123,0,,COUNTY RD 78,,2086159009,41
SUMMIT,4,38,0,,CROWN,CT,2086159009,27
SUMMIT,1965,2389,0,,CROWN,CT,2086159009,27
SUMMIT,37,897,1,,DEER PATH,RD,2086159009,30
SUMMIT,38,978,2,,DEER PATH,RD,2086159009,30
SUMMIT,35,318,0,,DILLON RIDGE,RD,2086159009,27
SUMMIT,101,102,0,,ELKHORN,ST,2086159009,27
SUMMIT,14,474,0,,ENSIGN,DR,2086159009,28
SUMMIT,56,200,2,,EVERGREEN,RD,2086159009,30
SUMMIT,79,169,1,,EVERGREEN,RD,2086159009,30
SUMMIT,59,238,0,,FOREST CANYON,RD,2086159009,30
SUMMIT,252,312,0,,HWY 6,,2086159009,27
SUMMIT,754,796,0,,HWY 6,,2086159009,27
SUMMIT,1552,17863,0,,HWY 6,,2086159009,34
SUMMIT,17864,17924,0,,HWY 6,,2086159009,27
SUMMIT,19224,19577,0,,HWY 6,,2086159009,34
SUMMIT,17,57,0,,JAMES,CT,2086159009,28
SUMMIT,532,532,0,,LITTLE BEAVER,TRL,2086159009,38
SUMMIT,720,850,0,,LITTLE BEAVER,TRL,2086159009,27
SUMMIT,5,1347,0,,LOOKOUT RIDGE,DR,2086159009,27
SUMMIT,502,622,0,,ORO GRANDE,ST,2086159009,27
SUMMIT,41,749,0,,PINEY ACRES,CIR,2086159009,41
SUMMIT,11,1876,0,,SKYLINE,DR,2086159009,27
SUMMIT,19,725,0,,STRAIGHT CREEK,DR,2086159009,30
SUMMIT,753,1405,1,,STRAIGHT CREEK,DR,2086159009,30
SUMMIT,754,1414,2,,STRAIGHT CREEK,DR,2086159009,30
SUMMIT,14,165,0,,A,RD,2086159010,77
SUMMIT,12,131,0,,AA,RD,2086159010,77
SUMMIT,48,48,0,,AB,RD,2086159010,77
SUMMIT,67,74,0,,ALPEN GLOW,RD,2086159010,73
SUMMIT,38,90,0,,ANSELS VIEW,TRL,2086159010,73
SUMMIT,340,881,0,,ANTLER,RD,2086159010,68
SUMMIT,26,227,0,,B,RD,2086159010,77
SUMMIT,41,131,0,,BARKING DOG,RD,2086159010,66
SUMMIT,28,38,0,,BLUE MOON,TRL,2086159010,73
SUMMIT,411,784,0,,BOISE,DR,2086159010,62
SUMMIT,13,104,0,,BROOK,AVE,2086159010,77
SUMMIT,435,556,0,,BUFFALO,CT,2086159010,77
SUMMIT,61,61,0,,C,RD,2086159010,77
SUMMIT,400,493,0,,CASCADE,CIR,2086159010,62
SUMMIT,400,480,0,,CLAYTON,RD,2086159010,62
SUMMIT,84,174,0,,COUNTY RD 1904,,2086159010,77
SUMMIT,42,478,0,S,COUNTY RD 1905,,2086159010,77
SUMMIT,23,24,0,,COUNTY RD 1905,,2086159010,77
SUMMIT,545,545,0,,COUNTY RD 2010,,2086159010,77
SUMMIT,24,244,0,,COUNTY RD 2016,,2086159010,77
SUMMIT,225,225,0,,COUNTY RD 2020,,2086159010,77
SUMMIT,305,395,0,,COUNTY RD 2020,,2086159010,62
SUMMIT,396,715,0,,COUNTY RD 2020,,2086159010,77
SUMMIT,70,590,0,,COUNTY RD 2048,,2086159010,77
SUMMIT,24,90,0,,CRESCENT MOON,TRL,2086159010,73
SUMMIT,18,498,0,,D,RD,2086159010,77
SUMMIT,23,63,0,,E,RD,2086159010,77
SUMMIT,20,55,0,,EAGLE WINGS,TRL,2086159010,73
SUMMIT,24,365,0,,F,RD,2086159010,66
SUMMIT,444,444,0,E,FOURTH,ST,2086159010,62
SUMMIT,26,307,0,,G,RD,2086159010,77
SUMMIT,320,320,0,,G,RD,2086159010,62
SUMMIT,337,747,0,,G,RD,2086159010,77
SUMMIT,48,109,0,,H,RD,2086159010,77
SUMMIT,396,396,0,,HAMILTON CREEK,RD,2086159010,77
SUMMIT,435,556,0,,HAMILTON CREEK,RD,2086159010,77
SUMMIT,1751,2412,0,,HAMILTON CREEK,RD,2086159010,73
SUMMIT,12,55,0,,HARVEST MOON,TRL,2086159010,73
SUMMIT,42,478,0,S,HILLSIDE,DR,2086159010,77
SUMMIT,23,24,0,,HILLSIDE,DR,2086159010,77
SUMMIT,300,524,0,,HUMMINGBIRD,CIR,2086159010,62
SUMMIT,50,50,0,,I,RD,2086159010,77
SUMMIT,20,82,0,,INDIAN BRUSH,TRL,2086159010,73
SUMMIT,32,533,0,,J,RD,2086159010,77
SUMMIT,25,54,0,,K,RD,2086159010,77
SUMMIT,54,459,0,,L,RD,2086159010,77
SUMMIT,220,385,0,,LAGOON,LN,2086159010,62
SUMMIT,33,1000,0,,LAKEVIEW,CIR,2086159010,73
SUMMIT,23,174,0,,LARIAT LOOP,,2086159010,77
SUMMIT,98,99,0,,M,RD,2086159010,77
SUMMIT,444,444,0,,M,RD,2086159010,77
SUMMIT,29,198,0,,N,RD,2086159010,77
SUMMIT,30,90,0,,NORDIC,TRL,2086159010,73
SUMMIT,41,41,0,,O,RD,2086159010,77
SUMMIT,33,512,0,,P,RD,2086159010,77
SUMMIT,400,1062,0,,PALMERS,DR,2086159010,62
SUMMIT,1116,1362,0,,PALMERS,DR,2086159010,77
SUMMIT,23,54,0,,PINON,TRL,2086159010,73
SUMMIT,333,523,0,,PTARMIGAN,TRL,2086159010,77
SUMMIT,524,524,0,,PTARMIGAN,TRL,2086159010,62
SUMMIT,589,934,0,,PTARMIGAN,TRL,2086159010,77
SUMMIT,432,725,0,,PTARMIGAN RANCH,RD,2086159010,29
SUMMIT,26,97,0,,R,RD,2086159010,66
SUMMIT,13,13,0,,RAINBOW,DR,2086159010,77
SUMMIT,246,590,2,,RAINBOW,DR,2086159010,62
SUMMIT,898,1538,2,,RAINBOW,DR,2086159010,77
SUMMIT,1315,1537,1,,RAINBOW,DR,2086159010,77
SUMMIT,26,97,0,,RASPBERRY,LN,2086159010,77
SUMMIT,10,31,0,,RED BUFFALO,TRL,2086159010,73
SUMMIT,400,480,0,,REESE,RD,2086159010,62
SUMMIT,859,1062,0,,RESCOLA,AVE,2086159010,62
SUMMIT,31,161,0,,RILEY,RD,2086159010,77
SUMMIT,56,359,0,,S,RD,2086159010,77
SUMMIT,520,580,0,,SILVERTHORNE,LN,2086159010,62
SUMMIT,4,66,0,,SPINNING LEAF,TRL,2086159010,73
SUMMIT,11,21,0,,STORMWATCH,CIR,2086159010,73
SUMMIT,61,61,0,,T,RD,2086159010,77
SUMMIT,520,590,0,,TANGLEWOOD,CT,2086159010,62
SUMMIT,190,491,0,,TANGLEWOOD,LN,2086159010,62
SUMMIT,525,786,0,,TANGLEWOOD,LN,2086159010,77
SUMMIT,19,79,0,,TIMBERWOLF,TRL,2086159010,73
SUMMIT,63,142,0,,U,RD,2086159010,77
SUMMIT,24,89,0,,V,RD,2086159010,77
SUMMIT,58,339,0,,X,RD,2086159010,77
SUMMIT,19,108,0,,Y,RD,2086159010,77
SUMMIT,70,590,0,,Z,RD,2086159010,77
SUMMIT,100,176,0,,ALLEGRA,LN,2086159011,60
SUMMIT,25,425,0,,ANGLER MOUNTAIN RANCH,RD,2086159011,60
SUMMIT,305,1350,0,,BALD EAGLE,RD,2086159011,60
SUMMIT,354,1310,2,,BLUE RIVER,PKY,2086159011,63
SUMMIT,40,88,0,,BUCKSKIN,LN,2086159011,60
SUMMIT,43,43,0,,BUFFALO,CT,2086159011,78
SUMMIT,491,699,0,,CENTER,CIR,2086159011,63
SUMMIT,565,565,0,,COUNTY RD 1870,,2086159011,78
SUMMIT,28,175,0,,COUNTY RD 1902,,2086159011,78
SUMMIT,45,425,0,,COUNTY RD 1903,,2086159011,78
SUMMIT,73,364,0,N,COUNTY RD 1905,,2086159011,78
SUMMIT,73,488,0,,COUNTY RD 1906,,2086159011,78
SUMMIT,35,36,0,,COUNTY RD 1907,,2086159011,78
SUMMIT,190,190,0,,COUNTY RD 1957,,2086159011,78
SUMMIT,100,139,0,,CREEK,LN,2086159011,63
SUMMIT,49,115,0,,DRAGONFLY,LN,2086159011,60
SUMMIT,320,320,0,,FISH CREEK,RD,2086159011,69
SUMMIT,331,331,0,,FISH CREEK,RD,2086159011,78
SUMMIT,450,450,0,,FISH CREEK,RD,2086159011,69
SUMMIT,25,487,0,,FLY LINE,DR,2086159011,60
SUMMIT,326,326,0,,HAMILTON CREEK,RD,2086159011,78
SUMMIT,385,385,0,,HAMILTON CREEK,RD,2086159011,78
SUMMIT,596,596,0,,HAMILTON CREEK,RD,2086159011,78
SUMMIT,909,948,0,,HAMILTON CREEK,RD,2086159011,74
SUMMIT,126,160,0,,HAMILTON CREEK,TRL,2086159011,74
SUMMIT,40,88,0,,HARES EAR,LN,2086159011,60
SUMMIT,15,31,0,,HEATHER,WAY,2086159011,74
SUMMIT,73,364,0,N,HILLSIDE,DR,2086159011,78
SUMMIT,25172,28112,2,,HWY 9,,2086159011,78
SUMMIT,105,115,0,,JANES,WAY,2086159011,63
SUMMIT,1500,1581,0,,LEGEND LAKE,CIR,2086159011,63
SUMMIT,43,44,0,,MAVERICK,WAY,2086159011,78
SUMMIT,811,1290,0,,MESA,DR,2086159011,63
SUMMIT,100,127,0,,MOUNTAIN VISTA,LN,2086159011,63
SUMMIT,1650,1650,0,,OLD CABIN,RD,2086159011,78
SUMMIT,35,85,0,,PHEASANT TRAIL,LN,2086159011,60
SUMMIT,731,752,0,,PIONEER CREEK,RD,2086159011,78
SUMMIT,1040,1040,0,,PIONEER CREEK,RD,2086159011,69
SUMMIT,1191,1191,0,,PIONEER CREEK,RD,2086159011,78
SUMMIT,1342,1342,0,,PIONEER CREEK,RD,2086159011,69
SUMMIT,30122,30830,0,,PIONEER CREEK,RD,2086159011,69
SUMMIT,305,375,0,,RAINBOW,CT,2086159011,63
SUMMIT,247,1283,1,,RAINBOW,DR,2086159011,63
SUMMIT,100,111,0,,RANGE VIEW,CIR,2086159011,63
SUMMIT,300,481,0,,RILEY,RD,2086159011,63
SUMMIT,35,36,0,,RIVER SIDE,CT,2086159011,78
SUMMIT,45,425,0,,RIVERSIDE,DR,2086159011,78
SUMMIT,110,196,0,,ROBIN,DR,2086159011,60
SUMMIT,100,103,0,,ROCKY RUN,LN,2086159011,63
SUMMIT,42,92,0,,SADDLE,CIR,2086159011,78
SUMMIT,127,837,0,,SAGE CREEK CANYON,DR,2086159011,78
SUMMIT,85,415,0,,SAGE HILL,DR,2086159011,78
SUMMIT,19,55,0,,SPINNER,PL,2086159011,60
SUMMIT,14,94,0,,SPUR,CT,2086159011,78
SUMMIT,10,264,0,,STONEFLY,DR,2086159011,60
SUMMIT,28,211,0,,SUMMIT,DR,2086159011,78
SUMMIT,205,276,0,,TENNIS,CT,2086159011,63
SUMMIT,167,195,0,,TYL RANCH,RD,2086159011,78
SUMMIT,1650,1695,0,,TYL RANCH,RD,2086159011,78
SUMMIT,1366,1374,0,S,VISTA,CIR,2086159011,63
SUMMIT,303,398,0,,WILLOW LAKE,CT,2086159011,63
SUMMIT,178,189,0,,ARROWHEAD BLUFF,,2086159012,96
SUMMIT,88,88,0,,BEAR WALLOW,WAY,2086159012,75
SUMMIT,268,417,0,,BEAR WALLOW,WAY,2086159012,96
SUMMIT,596,646,0,,BEAR WALLOW,WAY,2086159012,75
SUMMIT,1463,1463,0,,BLACK CREEK,RD,2086159012,67
SUMMIT,57,57,0,,BLUE RIDGE,RD,2086159012,75
SUMMIT,147,256,0,,BLUE RIDGE,RD,2086159012,96
SUMMIT,257,257,0,,BLUE RIDGE,RD,2086159012,75
SUMMIT,258,316,0,,BLUE RIDGE,RD,2086159012,75
SUMMIT,356,716,0,,BLUE RIDGE,RD,2086159012,75
SUMMIT,717,926,0,,BLUE RIDGE,RD,2086159012,96
SUMMIT,947,966,0,,BLUE RIDGE,RD,2086159012,75
SUMMIT,996,996,0,,BLUE RIDGE,RD,2086159012,96
SUMMIT,1007,1157,0,,BLUE RIDGE,RD,2086159012,75
SUMMIT,1197,1256,0,,BLUE RIDGE,RD,2086159012,96
SUMMIT,1346,1357,0,,BLUE RIDGE,RD,2086159012,75
SUMMIT,1396,1397,0,,BLUE RIDGE,RD,2086159012,96
SUMMIT,1436,1436,0,,BLUE RIDGE,RD,2086159012,75
SUMMIT,1456,1486,0,,BLUE RIDGE,RD,2086159012,96
SUMMIT,1487,1487,0,,BLUE RIDGE,RD,2086159012,75
SUMMIT,1516,1536,0,,BLUE RIDGE,RD,2086159012,96
SUMMIT,1557,1636,0,,BLUE RIDGE,RD,2086159012,75
SUMMIT,11,64,0,,BLUE RIDGE,ST,2086159012,84
SUMMIT,35,295,0,,BLUE SPRUCE,RD,2086159012,67
SUMMIT,1197,1197,0,,BOULDER CREEK,RD,2086159012,70
SUMMIT,1343,1343,0,,BOULDER CREEK,RD,2086159012,70
SUMMIT,1422,1422,0,,BOULDER CREEK,RD,2086159012,70
SUMMIT,1612,1882,0,,BOULDER CREEK,RD,2086159012,70
SUMMIT,1903,2642,0,,BOULDER CREEK,RD,2086159012,70
SUMMIT,445,1685,0,,CATARACT CREEK,RD,2086159012,67
SUMMIT,1197,1197,0,,COUNTY RD 1376,,2086159012,70
SUMMIT,1343,1343,0,,COUNTY RD 1376,,2086159012,70
SUMMIT,1612,1882,0,,COUNTY RD 1376,,2086159012,70
SUMMIT,1903,2642,0,,COUNTY RD 1376,,2086159012,70
SUMMIT,1422,1422,0,,COUNTY RD 1377,,2086159012,70
SUMMIT,1612,1643,0,,COUNTY RD 1377,,2086159012,70
SUMMIT,1872,1882,0,,COUNTY RD 1377,,2086159012,70
SUMMIT,1932,1932,0,,COUNTY RD 1377,,2086159012,70
SUMMIT,57,1636,0,,COUNTY RD 1400,,2086159012,75
SUMMIT,36,147,0,,COUNTY RD 1401,,2086159012,75
SUMMIT,847,876,0,,COUNTY RD 1425,,2086159012,75
SUMMIT,166,366,0,,COUNTY RD 1450,,2086159012,76
SUMMIT,376,376,0,,COUNTY RD 1450,,2086159012,75
SUMMIT,456,457,0,,COUNTY RD 1450,,2086159012,76
SUMMIT,45,95,0,,COUNTY RD 1602,,2086159012,67
SUMMIT,77,77,0,,COUNTY RD 17,,2086159012,67
SUMMIT,345,2012,0,,COUNTY RD 1725,,2086159012,67
SUMMIT,91,122,0,,COUNTY RD 1750,,2086159012,67
SUMMIT,92,383,0,,COUNTY RD 1770,,2086159012,67
SUMMIT,56,97,0,,COUNTY RD 1771,,2086159012,67
SUMMIT,54,106,0,,COUNTY RD 1773,,2086159012,67
SUMMIT,13,154,0,,COUNTY RD 1774,,2086159012,67
SUMMIT,9,222,0,,COUNTY RD 1776,,2086159012,67
SUMMIT,11,212,0,,COUNTY RD 1777,,2086159012,67
SUMMIT,31,102,0,,COUNTY RD 1779,,2086159012,84
SUMMIT,33,53,0,,COUNTY RD 1780,,2086159012,84
SUMMIT,20,421,0,,COUNTY RD 1782,,2086159012,84
SUMMIT,142,156,0,,COUNTY RD 1785,,2086159012,84
SUMMIT,11,64,0,,COUNTY RD 1790,,2086159012,84
SUMMIT,20,20,0,,COUNTY RD 1791,,2086159012,84
SUMMIT,6845,7071,0,,COUNTY RD 1791,,2086159012,84
SUMMIT,11,66,0,,COUNTY RD 1793,,2086159012,84
SUMMIT,13,38,0,,COUNTY RD 1794,,2086159012,84
SUMMIT,62,62,0,,COUNTY RD 1795,,2086159012,84
SUMMIT,21,131,0,,COUNTY RD 1798,,2086159012,84
SUMMIT,33,123,0,,COUNTY RD 1799,,2086159012,84
SUMMIT,35,295,0,,COUNTY RD 18,,2086159012,67
SUMMIT,320,426,0,,COUNTY RD 1820,,2086159012,67
SUMMIT,5492,5492,0,,COUNTY RD 23,,2086159012,67
SUMMIT,401,524,0,,COUNTY RD 2400,,2086159012,75
SUMMIT,79,3320,0,,COUNTY RD 2401,,2086159012,75
SUMMIT,239,2302,0,,COUNTY RD 2402,,2086159012,75
SUMMIT,356,630,0,,COUNTY RD 2407,,2086159012,75
SUMMIT,764,764,0,,COUNTY RD 2407,,2086159012,96
SUMMIT,48,531,0,,COUNTY RD 2408,,2086159012,75
SUMMIT,127,127,0,,COUNTY RD 2409,,2086159012,70
SUMMIT,185,1001,0,,COUNTY RD 2450,,2086159012,75
SUMMIT,605,1045,0,,COUNTY RD 25,,2086159012,75
SUMMIT,372,2253,0,,COUNTY RD 2500,,2086159012,75
SUMMIT,220,1154,0,,COUNTY RD 2514,,2086159012,75
SUMMIT,500,572,0,,COUNTY RD 2900,,2086159012,67
SUMMIT,84,128,0,,COUNTY RD 30,,2086159012,67
SUMMIT,278,483,0,,COUNTY RD 30,,2086159012,84
SUMMIT,768,6631,0,,COUNTY RD 30,,2086159012,67
SUMMIT,6835,7101,0,,COUNTY RD 30,,2086159012,84
SUMMIT,8054,10068,0,,COUNTY RD 30,,2086159012,67
SUMMIT,330,426,0,,COWBOY,TRL,2086159012,67
SUMMIT,36,147,0,,CRESCENT,RD,2086159012,75
SUMMIT,220,220,0,,DARBY,DR,2086159012,96
SUMMIT,370,385,0,,DARBY,DR,2086159012,75
SUMMIT,522,522,0,,DARBY,DR,2086159012,96
SUMMIT,550,805,0,,DARBY,DR,2086159012,75
SUMMIT,1154,1154,0,,DARBY,DR,2086159012,96
SUMMIT,142,156,0,,EAST,RD,2086159012,84
SUMMIT,92,383,0,,EL ZAG,DR,2086159012,67
SUMMIT,132,2253,0,,ELK RUN,RD,2086159012,75
SUMMIT,191,191,0,,ELK VIEW,RD,2086159012,96
SUMMIT,211,332,0,,ELK VIEW,RD,2086159012,75
SUMMIT,21,131,0,,FISHERMANS,DR,2086159012,84
SUMMIT,1512,1892,0,,FISHERMANS,LN,2086159012,70
SUMMIT,1902,1912,0,,FISHERMANS,LN,2086159012,97
SUMMIT,91,122,0,,GORE VIEW,RD,2086159012,67
SUMMIT,138,421,0,,GREEN MOUNTAIN,AVE,2086159012,84
SUMMIT,33,123,0,,HAPPY LANDING,DR,2086159012,84
SUMMIT,847,847,0,,HARRIGAN CREEK,RD,2086159012,75
SUMMIT,75,572,0,,HAYSTACK MTN,RD,2086159012,67
SUMMIT,84,128,0,,HEENEY,RD,2086159012,67
SUMMIT,278,338,0,,HEENEY,RD,2086159012,84
SUMMIT,768,6631,0,,HEENEY,RD,2086159012,67
SUMMIT,6835,7101,0,,HEENEY,RD,2086159012,84
SUMMIT,8375,10068,0,,HEENEY,RD,2086159012,67
SUMMIT,26,85,0,,HILL,DR,2086159012,84
SUMMIT,30842,38634,2,,HWY 9,,2086159012,75
SUMMIT,33205,34843,1,,HWY 9,,2086159012,75
SUMMIT,34985,34985,1,,HWY 9,,2086159012,96
SUMMIT,35055,35245,1,,HWY 9,,2086159012,75
SUMMIT,38445,38445,1,,HWY 9,,2086159012,75
SUMMIT,40500,41900,0,,HWY 9,,2086159012,67
SUMMIT,79,192,0,,JOHNSON,RD,2086159012,75
SUMMIT,346,346,0,,JOHNSON,RD,2086159012,96
SUMMIT,380,573,0,,JOHNSON,RD,2086159012,75
SUMMIT,1035,1035,0,,JOHNSON,RD,2086159012,96
SUMMIT,1052,1052,0,,JOHNSON,RD,2086159012,75
SUMMIT,1323,1323,0,,JOHNSON,RD,2086159012,96
SUMMIT,1381,1381,0,,JOHNSON,RD,2086159012,75
SUMMIT,1858,1858,0,,JOHNSON,RD,2086159012,96
SUMMIT,2244,3275,0,,JOHNSON,RD,2086159012,75
SUMMIT,3320,3320,0,,JOHNSON,RD,2086159012,96
SUMMIT,17,107,0,,KOKANEE,LN,2086159012,84
SUMMIT,17,141,0,,LAKE,DR,2086159012,84
SUMMIT,13,49,0,,LAKEVIEW,AVE,2086159012,84
SUMMIT,56,97,0,,LINDA,LN,2086159012,67
SUMMIT,178,692,0,,LINDSTROM,RD,2086159012,75
SUMMIT,822,822,0,,LINDSTROM,RD,2086159012,96
SUMMIT,888,888,0,,LINDSTROM,RD,2086159012,76
SUMMIT,918,928,0,,LINDSTROM,RD,2086159012,75
SUMMIT,968,968,0,,LINDSTROM,RD,2086159012,96
SUMMIT,969,1060,0,,LINDSTROM,RD,2086159012,75
SUMMIT,185,1001,0,,LONGS,RD,2086159012,75
SUMMIT,27,91,0,,MEADOW,LN,2086159012,67
SUMMIT,1208,1208,0,,MEADOWBROOK,LN,2086159012,97
SUMMIT,1302,1302,0,,MEADOWBROOK,LN,2086159012,70
SUMMIT,1612,1643,0,,MEADOWBROOK,LN,2086159012,97
SUMMIT,1732,2083,0,,MEADOWBROOK,LN,2086159012,70
SUMMIT,2092,2092,0,,MEADOWBROOK,LN,2086159012,97
SUMMIT,2423,2642,0,,MEADOWBROOK,LN,2086159012,70
SUMMIT,66,132,0,,OASIS RANCH,RD,2086159012,75
SUMMIT,304,4213,0,,OTTER CREEK,RD,2086159012,67
SUMMIT,200,600,0,,PASS CREEK RANCH,RD,2086159012,75
SUMMIT,11,66,0,,RAINBOW,AVE,2086159012,84
SUMMIT,228,232,0,,RIATA,TRL,2086159012,67
SUMMIT,239,2302,0,,RODEO,DR,2086159012,96
SUMMIT,166,366,0,,SLATE CREEK,RD,2086159012,76
SUMMIT,376,376,0,,SLATE CREEK,RD,2086159012,75
SUMMIT,456,457,0,,SLATE CREEK,RD,2086159012,76
SUMMIT,5492,5492,0,,SPRING CREEK,RD,2086159012,67
SUMMIT,733,5492,0,,SPRING CREEK RANCH,RD,2086159012,67
SUMMIT,212,212,0,,SPRUCE RIDGE,RD,2086159012,96
SUMMIT,331,331,0,,SPRUCE RIDGE,RD,2086159012,75
SUMMIT,27,88,0,,TROUT,DR,2086159012,84
SUMMIT,960,2443,0,,UPPER MESA,TRL,2086159012,67
SUMMIT,401,524,0,,UTE PARK,RD,2086159012,75
SUMMIT,630,630,0,,UTE PASS,RD,2086159012,75
SUMMIT,1000,1000,0,,UTE PASS,RD,2086159012,96
SUMMIT,1360,1360,0,,UTE PASS,RD,2086159012,75
SUMMIT,100,325,0,,ARNICA,LN,2086159013,61
SUMMIT,1600,1649,0,N,BADGER,LN,2086159013,59
SUMMIT,1560,1591,0,S,BADGER,LN,2086159013,59
SUMMIT,101,116,0,,BADGER,CT,2086159013,59
SUMMIT,6,73,0,E,BENJAMIN,PT,2086159013,100
SUMMIT,11,45,0,W,BENJAMIN,LN,2086159013,100
SUMMIT,11,63,0,W,BENJAMIN,PT,2086159013,100
SUMMIT,20,38,0,W,BENJAMIN,WAY,2086159013,100
SUMMIT,406,579,0,,BIGHORN,CIR,2086159013,59
SUMMIT,300,396,0,,BLACK HAWK,CIR,2086159013,61
SUMMIT,100,147,0,,BLUE GROUSE,LN,2086159013,61
SUMMIT,1501,1501,1,,BLUE RIVER,PKY,2086159013,59
SUMMIT,1208,1342,0,,BOULDER CREEK,RD,2086159013,71
SUMMIT,1502,1562,0,,BOULDER CREEK,RD,2086159013,71
SUMMIT,1892,1902,0,,BOULDER CREEK,RD,2086159013,71
SUMMIT,115,180,0,,BULL LAKE,CT,2086159013,61
SUMMIT,8,170,0,,BYERS VALLEY,RD,2086159013,100
SUMMIT,302,363,0,N,CHIPMUNK,CIR,2086159013,59
SUMMIT,1603,1663,0,N,CHIPMUNK,LN,2086159013,59
SUMMIT,1574,1593,0,S,CHIPMUNK,LN,2086159013,59
SUMMIT,23,75,0,,COUMBE,XING,2086159013,100
SUMMIT,11,11,0,,COUNTY RD 1352,,2086159013,71
SUMMIT,1800,1800,0,,COUNTY RD 1352,,2086159013,79
SUMMIT,37,1800,0,,COUNTY RD 1353,,2086159013,79
SUMMIT,1845,2087,0,,COUNTY RD 1353,,2086159013,71
SUMMIT,1208,1342,0,,COUNTY RD 1376,,2086159013,71
SUMMIT,1502,1562,0,,COUNTY RD 1376,,2086159013,71
SUMMIT,1512,1562,0,,COUNTY RD 1377,,2086159013,71
SUMMIT,1902,1902,0,,COUNTY RD 1377,,2086159013,71
SUMMIT,240,257,0,E,COYOTE,CT,2086159013,59
SUMMIT,370,599,0,W,COYOTE,DR,2086159013,59
SUMMIT,2010,2255,0,,CURRANT,WAY,2086159013,61
SUMMIT,105,255,0,,EASY BEND,TRL,2086159013,61
SUMMIT,715,723,0,,EVENINGSTAR,CT,2086159013,59
SUMMIT,702,720,0,,EVENINGSTAR,RD,2086159013,59
SUMMIT,1650,1695,0,,FALCON,CIR,2086159013,61
SUMMIT,1701,1821,0,,FALCON,DR,2086159013,61
SUMMIT,200,215,0,E,FOX,CT,2086159013,59
SUMMIT,100,345,0,,GAME TRAIL,RD,2086159013,61
SUMMIT,7,38,0,,GLEN,PL,2086159013,61
SUMMIT,101,3150,0,,GOLDEN EAGLE,RD,2086159013,61
SUMMIT,200,330,0,,HIGH PARK,CT,2086159013,61
SUMMIT,120,195,0,,HIGHLINE CROSSING,,2086159013,61
SUMMIT,3000,3010,0,,HOMESTEAD,LN,2086159013,61
SUMMIT,2801,2805,0,,HONORS,CT,2086159013,61
SUMMIT,100,2875,0,,HUNTERS KNOB,RD,2086159013,61
SUMMIT,25243,28585,1,,HWY 9,,2086159013,79
SUMMIT,31115,31115,1,,HWY 9,,2086159013,71
SUMMIT,190,510,0,,KESTREL,LN,2086159013,61
SUMMIT,442,442,0,,LAKE EVERIST,TRL,2086159013,100
SUMMIT,19,68,0,,LUND,WAY,2086159013,100
SUMMIT,431,559,0,,MARMOT,CIR,2086159013,59
SUMMIT,20,20,0,,MARYLAND CREEK,LN,2086159013,100
SUMMIT,15,1238,0,,MARYLAND CREEK,RD,2086159013,100
SUMMIT,182,228,0,,MARYLAND CREEK,TRL,2086159013,100
SUMMIT,235,235,0,,MARYLAND CREEK,TRL,2086159013,61
SUMMIT,56,152,0,,MCKAY,TRL,2086159013,100
SUMMIT,115,215,0,,MIDDLE PARK,CT,2086159013,61
SUMMIT,127,127,0,,MOSS,LNDG,2086159013,100
SUMMIT,2902,2936,0,,OSPREY,LN,2086159013,61
SUMMIT,690,1800,0,,PEBBLE CREEK,RD,2086159013,79
SUMMIT,1845,2087,0,,PEBBLE CREEK,RD,2086159013,71
SUMMIT,1808,1896,0,,PEREGRINE,LN,2086159013,61
SUMMIT,220,238,0,,RABBIT,CT,2086159013,59
SUMMIT,300,329,0,,RAVEN GOLF,LN,2086159013,61
SUMMIT,1901,1901,0,,RAVEN GOLF,LN,2086159013,61
SUMMIT,301,313,0,,RED HAWK,CIR,2086159013,61
SUMMIT,1700,1770,0,,RED HAWK,RD,2086159013,61
SUMMIT,25,148,0,,SMITH RANCH,RD,2086159013,79
SUMMIT,1801,1841,0,,STELLAR,DR,2086159013,61
SUMMIT,101,134,0,,TALON,CIR,2086159013,61
SUMMIT,1800,1800,0,,TRIPLE CREEK RANCH,RD,2086159013,79
SUMMIT,125,279,0,,TWO CABINS,DR,2086159013,61
SUMMIT,289,289,0,,TWO CABINS,DR,2086159013,79
SUMMIT,290,290,0,,TWO CABINS,DR,2086159013,61
SUMMIT,299,299,0,,TWO CABINS,DR,2086159013,79
SUMMIT,311,620,0,,TWO CABINS,DR,2086159013,61
SUMMIT,724,746,0,,WILD ROSE,RD,2086159013,59
SUMMIT,764,776,0,,WILLOW CREEK,CT,2086159013,59
SUMMIT,104,114,0,,WILLOW CREEK RIDGE,CIR,2086159013,59
SUMMIT,100,732,0,,WILLOWBROOK,RD,2086159013,59
SUMMIT,130,145,0,,WOODCHUCK,CT,2086159013,59
SUMMIT,11,27,0,,YOUNGS PRESERVE,RD,2086159013,100
SUMMIT,18,103,0,,BASHORE,CT,2086159014,72
SUMMIT,10,40,0,,BLACK BEAR,CT,2086159014,72
SUMMIT,10,81,0,,BLACK DIAMOND,TRL,2086159014,72
SUMMIT,171,226,0,,BUFFALO,DR,2086159014,72
SUMMIT,21,322,0,,BURGUNDY,CIR,2086159014,72
SUMMIT,10,60,0,,COUNTY RD 1293,,2086159014,72
SUMMIT,101,1704,0,,CUTTY SARK,CT,2086159014,72
SUMMIT,61,121,0,,CYDNEY,LN,2086159014,72
SUMMIT,21,41,0,,DEBORAH,LN,2086159014,72
SUMMIT,3,13,0,,EAGLES NEST,CT,2086159014,72
SUMMIT,67,77,0,,FOX HOLLOW,LN,2086159014,72
SUMMIT,11,31,0,,JUSTIN,CT,2086159014,72
SUMMIT,180,4400,0,,LODGE POLE,CIR,2086159014,72
SUMMIT,10,63,0,,LODGEPOLE,CT,2086159014,72
SUMMIT,11,409,0,,POPLAR,CIR,2086159014,72
SUMMIT,1,2454,0,,RYAN GULCH,CT,2086159014,72
SUMMIT,44,173,0,,RYAN GULCH,RD,2086159014,72
SUMMIT,201,308,0,,RYAN GULCH,RD,2086159014,72
SUMMIT,521,522,0,,RYAN GULCH,RD,2086159014,72
SUMMIT,601,602,0,,RYAN GULCH,RD,2086159014,72
SUMMIT,611,611,0,,RYAN GULCH,RD,2086159014,72
SUMMIT,612,642,0,,RYAN GULCH,RD,2086159014,72
SUMMIT,661,2060,0,,RYAN GULCH,RD,2086159014,72
SUMMIT,2711,3624,0,,RYAN GULCH,RD,2086159014,72
SUMMIT,3800,4012,0,,RYAN GULCH,RD,2086159014,72
SUMMIT,4013,4811,0,,RYAN GULCH,RD,2086159014,72
SUMMIT,7338,98000,0,,RYAN GULCH,RD,2086159014,72
SUMMIT,101,415,0,,SADDLE RIDGE,DR,2086159014,72
SUMMIT,31,3624,0,,SALT LICK,CIR,2086159014,72
SUMMIT,56,68,0,,SALT LICK,CT,2086159014,72
SUMMIT,50,87,0,,SALT LICK,PL,2086159014,72
SUMMIT,6,119,0,,SPYGLASS,LN,2086159014,72
SUMMIT,10,22,0,,STEPHANIES,WAY,2086159014,72
SUMMIT,15,140,0,,WILDERNEST,CT,2086159014,72
SUMMIT,167,227,0,,WILDERNEST,RD,2086159014,72
SUMMIT,1101,1127,0,,9000 DIVIDE,RD,2086159015,45
SUMMIT,105,209,0,,BEAVER LODGE,RD,2086159015,42
SUMMIT,1502,1508,0,,BERINO,CT,2086159015,42
SUMMIT,204,217,0,,CHIMING BELLS,CT,2086159015,42
SUMMIT,41,81,0,,COUNTY RD 1040,,2086159015,42
SUMMIT,101,292,0,,COUNTY RD 1040,,2086159015,49
SUMMIT,321,321,0,,COUNTY RD 1040,,2086159015,52
SUMMIT,332,332,0,,COUNTY RD 1040,,2086159015,49
SUMMIT,352,361,0,,COUNTY RD 1040,,2086159015,52
SUMMIT,392,392,0,,COUNTY RD 1040,,2086159015,42
SUMMIT,453,494,0,,COUNTY RD 1040,,2086159015,52
SUMMIT,497,517,0,,COUNTY RD 1040,,2086159015,49
SUMMIT,557,657,0,,COUNTY RD 1040,,2086159015,52
SUMMIT,757,757,0,,COUNTY RD 1040,,2086159015,42
SUMMIT,53,411,0,,COUNTY RD 1041,,2086159015,52
SUMMIT,66,192,0,,COUNTY RD 1042,,2086159015,52
SUMMIT,33,517,0,,COUNTY RD 1230,,2086159015,52
SUMMIT,23,61,0,,COUNTY RD 1232,,2086159015,52
SUMMIT,300,312,2,,CREEKSIDE,DR,2086159015,42
SUMMIT,915,1640,0,,DAM,RD,2086159015,45
SUMMIT,1610,1660,0,,DILLON DAM,RD,2086159015,42
SUMMIT,112,321,0,N,FIFTH,AVE,2086159015,42
SUMMIT,120,200,2,N,FOURTH,AVE,2086159015,42
SUMMIT,403,705,0,,GALENA,ST,2086159015,42
SUMMIT,33,517,0,,GIBERSON,RD,2086159015,52
SUMMIT,500,691,0,,GOLD DUST,DR,2086159015,42
SUMMIT,1,123,0,,HAWN,DR,2086159015,42
SUMMIT,116,116,0,,LAGOON,DR,2086159015,42
SUMMIT,704,766,0,,LAGOON,DR,2086159015,42
SUMMIT,901,962,0,,LAKEPOINT,CIR,2086159015,42
SUMMIT,800,810,0,,LAKEPOINT,CT,2086159015,42
SUMMIT,700,990,0,,LAKEPOINT,DR,2086159015,42
SUMMIT,1610,1660,0,,LAKEVIEW,TER,2086159015,42
SUMMIT,2,16,0,,LARSON,LN,2086159015,42
SUMMIT,201,229,1,,LARSON,LN,2086159015,42
SUMMIT,600,706,2,,LITTLE CHIEF,WAY,2086159015,42
SUMMIT,60,110,0,,LODGEPOLE,DR,2086159015,52
SUMMIT,160,161,0,,LODGEPOLE,DR,2086159015,49
SUMMIT,106,231,0,,LUPINE,LN,2086159015,42
SUMMIT,98,120,0,,LUSHER,CT,2086159015,42
SUMMIT,401,419,1,,MAIN,ST,2086159015,42
SUMMIT,503,705,1,,MAIN,ST,2086159015,42
SUMMIT,1,10,0,,MALLARD,CT,2086159015,42
SUMMIT,12,20,0,,MALLARD,LN,2086159015,42
SUMMIT,681,830,0,,MEADOW,DR,2086159015,42
SUMMIT,701,924,0,,MEADOW CREEK,DR,2086159015,42
SUMMIT,2,124,2,,MINERS CREEK,RD,2086159015,42
SUMMIT,200,314,2,,MINERS CREEK,RD,2086159015,42
SUMMIT,101,104,0,,MORNINGSTAR,CIR,2086159015,42
SUMMIT,103,120,0,,MOUNTAIN POPPY,WAY,2086159015,42
SUMMIT,1500,1522,0,,POINT,DR,2086159015,42
SUMMIT,101,125,0,,PRIMROSE,PL,2086159015,42
SUMMIT,102,189,0,,ROSE CROWN,CIR,2086159015,42
SUMMIT,18,200,0,,SCHOOL,RD,2086159015,42
SUMMIT,120,361,0,N,SEVENTH,AVE,2086159015,42
SUMMIT,22,192,0,,SHOSHONE,DR,2086159015,52
SUMMIT,22,62,0,,SHOSHONE,LN,2086159015,52
SUMMIT,104,115,0,,SILVERBELL,CT,2086159015,42
SUMMIT,251,331,0,N,SIXTH,AVE,2086159015,42
SUMMIT,260,274,0,,SIXTH AVE,CT,2086159015,42
SUMMIT,570,591,0,,SPOTTED HORSE,CT,2086159015,42
SUMMIT,699,1116,0,,SUMMIT,BLVD,2086159015,42
SUMMIT,1117,1205,0,,SUMMIT,BLVD,2086159015,45
SUMMIT,950,980,0,N,TEN MILE,DR,2086159015,42
SUMMIT,675,801,0,,TEN MILE,DR,2086159015,42
SUMMIT,100,206,0,,WINDFLOWER,LN,2086159015,42
SUMMIT,1,15,0,,ALPINE,CT,2086159016,43
SUMMIT,1,8,0,,ALPINE,DR,2086159016,43
SUMMIT,14,53,0,,ALPINE,DR,2086159016,53
SUMMIT,100,117,0,,ALPINE,DR,2086159016,43
SUMMIT,119,119,0,,ALPINE,DR,2086159016,53
SUMMIT,125,149,0,,ALPINE,DR,2086159016,43
SUMMIT,154,154,0,,ALPINE,DR,2086159016,53
SUMMIT,157,157,0,,ALPINE,DR,2086159016,43
SUMMIT,202,208,0,,ALPINE,DR,2086159016,43
SUMMIT,214,254,0,,ALPINE,DR,2086159016,53
SUMMIT,1,1,0,,ASPEN,DR,2086159016,43
SUMMIT,20,20,0,,ASPEN,DR,2086159016,53
SUMMIT,55,85,0,,ASPEN,DR,2086159016,50
SUMMIT,120,190,0,,ASPEN,DR,2086159016,53
SUMMIT,205,205,0,,ASPEN,DR,2086159016,50
SUMMIT,210,225,0,,ASPEN,DR,2086159016,53
SUMMIT,255,255,0,,ASPEN,DR,2086159016,50
SUMMIT,275,280,0,,ASPEN,DR,2086159016,43
SUMMIT,20,1132,0,,BEELER,PL,2086159016,48
SUMMIT,57,210,0,,COPPER,CIR,2086159016,48
SUMMIT,38,910,0,,COPPER,RD,2086159016,48
SUMMIT,26,70,0,,COPPER POINT,LN,2086159016,48
SUMMIT,73,73,0,,COUNTY RD 1048,,2086159016,53
SUMMIT,74,74,0,,COUNTY RD 1048,,2086159016,50
SUMMIT,103,104,0,,COUNTY RD 1048,,2086159016,53
SUMMIT,123,183,0,,COUNTY RD 1048,,2086159016,50
SUMMIT,184,184,0,,COUNTY RD 1048,,2086159016,53
SUMMIT,203,203,0,,COUNTY RD 1048,,2086159016,50
SUMMIT,204,224,0,,COUNTY RD 1048,,2086159016,53
SUMMIT,233,233,0,,COUNTY RD 1048,,2086159016,50
SUMMIT,234,293,0,,COUNTY RD 1048,,2086159016,53
SUMMIT,313,353,0,,COUNTY RD 1048,,2086159016,50
SUMMIT,383,534,0,,COUNTY RD 1048,,2086159016,53
SUMMIT,72,102,0,S,COUNTY RD 1049,,2086159016,50
SUMMIT,122,122,0,S,COUNTY RD 1049,,2086159016,53
SUMMIT,152,182,0,S,COUNTY RD 1049,,2086159016,50
SUMMIT,212,252,0,S,COUNTY RD 1049,,2086159016,53
SUMMIT,181,382,0,,COUNTY RD 1050,,2086159016,53
SUMMIT,16,197,0,,COUNTY RD 1052,,2086159016,53
SUMMIT,20,20,0,,COUNTY RD 1053,,2086159016,53
SUMMIT,55,85,0,,COUNTY RD 1053,,2086159016,50
SUMMIT,155,225,0,,COUNTY RD 1053,,2086159016,53
SUMMIT,255,255,0,,COUNTY RD 1053,,2086159016,50
SUMMIT,50,53,0,,COUNTY RD 1201,,2086159016,48
SUMMIT,21,21,0,,COUNTY RD 1202,,2086159016,48
SUMMIT,237,1374,0,,COUNTY RD 1221,,2086159016,53
SUMMIT,86,233,0,,CREEKSIDE,DR,2086159016,43
SUMMIT,301,405,1,,CREEKSIDE,DR,2086159016,43
SUMMIT,201,401,0,,EMILY,LN,2086159016,43
SUMMIT,10,100,0,,FAIRWAY,LN,2086159016,48
SUMMIT,101,161,0,,FOREST,DR,2086159016,43
SUMMIT,181,382,0,,FOREST,DR,2086159016,50
SUMMIT,65,318,0,,GALENA,ST,2086159016,43
SUMMIT,48,181,0,,GOLF COURSE,DR,2086159016,48
SUMMIT,78,108,0,,GULLER,RD,2086159016,48
SUMMIT,14,53,0,,HIGHWOOD,TER,2086159016,43
SUMMIT,73,73,0,,HIGHWOOD,TER,2086159016,53
SUMMIT,74,74,0,,HIGHWOOD,TER,2086159016,50
SUMMIT,103,104,0,,HIGHWOOD,TER,2086159016,53
SUMMIT,123,183,0,,HIGHWOOD,TER,2086159016,50
SUMMIT,184,184,0,,HIGHWOOD,TER,2086159016,53
SUMMIT,203,203,0,,HIGHWOOD,TER,2086159016,50
SUMMIT,204,224,0,,HIGHWOOD,TER,2086159016,53
SUMMIT,233,233,0,,HIGHWOOD,TER,2086159016,50
SUMMIT,234,234,0,,HIGHWOOD,TER,2086159016,53
SUMMIT,253,253,0,,HIGHWOOD,TER,2086159016,50
SUMMIT,273,293,0,,HIGHWOOD,TER,2086159016,53
SUMMIT,313,353,0,,HIGHWOOD,TER,2086159016,50
SUMMIT,383,534,0,,HIGHWOOD,TER,2086159016,53
SUMMIT,33115,33185,0,,HWY 91,,2086159016,48
SUMMIT,42,102,2,,LARSON,LN,2086159016,50
SUMMIT,122,122,2,,LARSON,LN,2086159016,53
SUMMIT,152,182,2,,LARSON,LN,2086159016,50
SUMMIT,212,252,2,,LARSON,LN,2086159016,53
SUMMIT,601,705,1,,LITTLE CHIEF,WAY,2086159016,43
SUMMIT,73,100,0,N,MADISON,AVE,2086159016,43
SUMMIT,35,601,1,W,MAIN,ST,2086159016,43
SUMMIT,51,321,1,,MAIN,ST,2086159016,43
SUMMIT,8,136,0,,MASTERS,DR,2086159016,48
SUMMIT,1,9,1,,MINERS CREEK,RD,2086159016,43
SUMMIT,101,209,1,,MINERS CREEK,RD,2086159016,43
SUMMIT,160,180,0,,RIVERCREST,DR,2086159016,43
SUMMIT,90,106,0,,RIVERSIDE,PL,2086159016,43
SUMMIT,17,107,0,,RIVERVIEW,DR,2086159016,50
SUMMIT,166,166,0,,RIVERVIEW,DR,2086159016,53
SUMMIT,167,187,0,,RIVERVIEW,DR,2086159016,50
SUMMIT,197,197,0,,RIVERVIEW,DR,2086159016,53
SUMMIT,80,132,0,,STONEBRIDGE,DR,2086159016,43
SUMMIT,301,337,0,,STREAMSIDE,LN,2086159016,43
SUMMIT,93,165,0,,SUNSET,DR,2086159016,43
SUMMIT,20,260,0,,TEN MILE,CIR,2086159016,48
SUMMIT,101,221,0,N,THIRD,AVE,2086159016,43
SUMMIT,20,172,0,,UNEVA,PL,2086159016,48
SUMMIT,568,1374,0,,UNEVA LAKE,RD,2086159016,53
SUMMIT,12,40,0,,UNION CREEK,TRL,2086159016,48
SUMMIT,45,105,0,,WHEELER,CIR,2086159016,48
SUMMIT,35,234,0,,WHEELER,PL,2086159016,48
SUMMIT,160,173,0,,WICHITA,AVE,2086159016,43
SUMMIT,18,49,0,,WILLOW,LN,2086159016,53
SUMMIT,78,78,0,,WILLOW,LN,2086159016,50
SUMMIT,79,199,0,,WILLOW,LN,2086159016,53
SUMMIT,31,52,0,S,ASPEN,DR,2086159017,51
SUMMIT,72,72,0,S,ASPEN,DR,2086159017,54
SUMMIT,103,133,0,S,ASPEN,DR,2086159017,44
SUMMIT,6,25,0,,BACK,RD,2086159017,51
SUMMIT,400,909,0,,BAYVIEW,DR,2086159017,44
SUMMIT,244,730,0,,BELFORD,ST,2086159017,44
SUMMIT,500,855,0,,BILLS RANCH,RD,2086159017,44
SUMMIT,7,7,0,,BOBWHITE,WAY,2086159017,54
SUMMIT,49,191,0,,BOBWHITE,WAY,2086159017,51
SUMMIT,28,28,0,,BOGGS,LN,2086159017,51
SUMMIT,15,39,0,N,CABIN GREEN,,2086159017,44
SUMMIT,6,12,0,S,CABIN GREEN,,2086159017,44
SUMMIT,35,35,0,,CHICKADEE,LN,2086159017,51
SUMMIT,44,44,0,,CHICKADEE,LN,2086159017,54
SUMMIT,25,25,0,,DRAKEHAVEN,LN,2086159017,51
SUMMIT,31,31,0,,DRAKEHAVEN,LN,2086159017,54
SUMMIT,310,901,0,S,EIGHTH,AVE,2086159017,51
SUMMIT,207,800,0,,EIGHTH,AVE,2086159017,44
SUMMIT,107,895,0,S,FIFTH,AVE,2086159017,44
SUMMIT,101,142,0,,FIRST,AVE,2086159017,44
SUMMIT,113,407,0,S,FOURTH,AVE,2086159017,44
SUMMIT,100,909,0,,FRISCO,ST,2086159017,44
SUMMIT,11,27,0,,GARDEN,ALY,2086159017,44
SUMMIT,20,97,0,,GOLDFINCH,LN,2086159017,51
SUMMIT,1,731,0,,GRANITE,ST,2086159017,44
SUMMIT,410,495,0,,HAMMERSTONE,LN,2086159017,44
SUMMIT,702,763,0,,HUNTERS,CIR,2086159017,44
SUMMIT,764,764,0,,HUNTERS,CIR,2086159017,51
SUMMIT,768,768,0,,HUNTERS,CIR,2086159017,54
SUMMIT,772,922,0,,HUNTERS,CIR,2086159017,44
SUMMIT,18840,18840,0,,HWY 9,,2086159017,44
SUMMIT,18881,18881,0,,HWY 9,,2086159017,54
SUMMIT,1,145,0,,JUNIPER,DR,2086159017,54
SUMMIT,421,421,0,,JUNIPER,DR,2086159017,44
SUMMIT,505,530,0,,KOKOPELLI,CT,2086159017,44
SUMMIT,9,122,0,,LOOKUP,LN,2086159017,51
SUMMIT,24,35,0,S,MADISON,AVE,2086159017,51
SUMMIT,55,55,0,S,MADISON,AVE,2086159017,54
SUMMIT,117,117,0,S,MADISON,AVE,2086159017,51
SUMMIT,181,191,0,S,MADISON,AVE,2086159017,44
SUMMIT,80,450,2,W,MAIN,ST,2086159017,44
SUMMIT,60,620,2,,MAIN,ST,2086159017,44
SUMMIT,544,675,0,,MCKEES,WAY,2086159017,44
SUMMIT,10,48,0,,MERIDIAN,ALY,2086159017,44
SUMMIT,104,156,0,,MERIDIAN,LOOP,2086159017,44
SUMMIT,30,54,0,,MERIDIAN ALLEY,,2086159017,44
SUMMIT,11,69,1,,MINERS CREEK,RD,2086159017,51
SUMMIT,188,188,2,,MINERS CREEK,RD,2086159017,51
SUMMIT,1,49,1,,MOUNT ROYAL,DR,2086159017,44
SUMMIT,2,184,2,,MOUNT ROYAL,DR,2086159017,54
SUMMIT,103,193,1,,MOUNT ROYAL,DR,2086159017,44
SUMMIT,194,214,2,,MOUNT ROYAL,DR,2086159017,44
SUMMIT,505,560,0,,NIGHT CHANT,LN,2086159017,44
SUMMIT,72,105,0,E,OPHIR LAKE,RD,2086159017,51
SUMMIT,123,123,0,E,OPHIR LAKE,RD,2086159017,54
SUMMIT,163,189,0,E,OPHIR LAKE,RD,2086159017,51
SUMMIT,25,30,0,W,OPHIR LAKE,RD,2086159017,51
SUMMIT,65,65,0,W,OPHIR LAKE,RD,2086159017,54
SUMMIT,10,123,0,,PEAK ONE,CIR,2086159017,51
SUMMIT,360,360,0,,PEAK ONE,DR,2086159017,51
SUMMIT,505,525,0,,PEMMICAN,CT,2086159017,44
SUMMIT,35,146,0,,PINE,DR,2086159017,51
SUMMIT,155,155,0,,PINE,DR,2086159017,54
SUMMIT,166,195,0,,PINE,DR,2086159017,51
SUMMIT,196,196,0,,PINE,DR,2086159017,54
SUMMIT,225,265,0,,PINE,DR,2086159017,51
SUMMIT,1,821,0,,PITKIN,ST,2086159017,44
SUMMIT,4,16,0,,RECEN ALLEY,,2086159017,44
SUMMIT,201,529,0,,SECOND,AVE,2086159017,44
SUMMIT,207,892,0,S,SEVENTH,AVE,2086159017,44
SUMMIT,955,985,0,S,SEVENTH,AVE,2086159017,44
SUMMIT,992,992,0,S,SEVENTH,AVE,2086159017,44
SUMMIT,1002,1002,0,S,SEVENTH,AVE,2086159017,44
SUMMIT,29,29,0,,SISKIN,LN,2086159017,54
SUMMIT,57,115,0,,SISKIN,LN,2086159017,51
SUMMIT,125,135,0,,SISKIN,LN,2086159017,54
SUMMIT,193,193,0,,SISKIN,LN,2086159017,51
SUMMIT,117,603,0,S,SIXTH,AVE,2086159017,44
SUMMIT,19,195,0,,STELLAR JAY,RD,2086159017,51
SUMMIT,231,231,0,,STELLAR JAY,RD,2086159017,54
SUMMIT,234,244,0,,STELLAR JAY,RD,2086159017,51
SUMMIT,259,259,0,,STELLAR JAY,RD,2086159017,51
SUMMIT,262,347,0,,STELLAR JAY,RD,2086159017,51
SUMMIT,376,376,0,,STELLAR JAY,RD,2086159017,54
SUMMIT,24,58,0,,TAYLOR,TRL,2086159017,51
SUMMIT,6,6,0,,TELLER,ST,2086159017,51
SUMMIT,10,628,0,,TELLER,ST,2086159017,44
SUMMIT,620,622,0,,TELLER STREET,ALY,2086159017,44
SUMMIT,460,523,0,,TEMPLE,TRL,2086159017,54
SUMMIT,545,545,0,,TEMPLE,TRL,2086159017,51
SUMMIT,550,550,0,,TEMPLE,TRL,2086159017,54
SUMMIT,563,721,0,,TEMPLE,TRL,2086159017,51
SUMMIT,743,743,0,,TEMPLE,TRL,2086159017,54
SUMMIT,752,835,0,,TEMPLE,TRL,2086159017,51
SUMMIT,842,842,0,,TEMPLE,TRL,2086159017,54
SUMMIT,850,850,0,,TEMPLE,TRL,2086159017,51
SUMMIT,854,870,0,,TEMPLE,TRL,2086159017,54
SUMMIT,910,910,0,,TEMPLE,TRL,2086159017,51
SUMMIT,110,595,0,S,THIRD,AVE,2086159017,44
SUMMIT,6,21,0,,TRACY,LN,2086159017,54
SUMMIT,68,84,0,,TRACY,LN,2086159017,51
SUMMIT,99,109,0,,TRACY,LN,2086159017,54
SUMMIT,131,135,0,,TRACY,LN,2086159017,51
SUMMIT,19,50,0,,VIERLING,WAY,2086159017,54
SUMMIT,64,64,0,,VIERLING,WAY,2086159017,51
SUMMIT,81,81,0,,VIERLING,WAY,2086159017,54
SUMMIT,490,495,0,,WATER DANCE,CT,2086159017,44
SUMMIT,500,590,0,,WATER DANCE,DR,2086159017,44
SUMMIT,30,45,0,,WATERTOWER,WAY,2086159017,44
SUMMIT,50,50,0,,WILLOW BEND,LN,2086159017,54
SUMMIT,56,90,0,,WILLOW BEND,LN,2086159017,51
SUMMIT,505,580,0,,WOODEN CANOE,LN,2086159017,44
SUMMIT,105,399,0,E,ADAMS,AVE,2086159018,87
SUMMIT,0,0,0,,BOREAS PASS,RD,2086159018,88
SUMMIT,107,123,0,,BOREAS PASS,RD,2086159018,87
SUMMIT,366,366,0,,BOREAS PASS,RD,2086159018,88
SUMMIT,1001,1043,0,,BOREAS PASS,RD,2086159018,87
SUMMIT,1100,1735,0,,BOREAS PASS,RD,2086159018,88
SUMMIT,1922,1922,0,,BOREAS PASS,RD,2086159018,88
SUMMIT,1942,1942,0,,BOREAS PASS,RD,2086159018,88
SUMMIT,1982,1982,0,,BOREAS PASS,RD,2086159018,88
SUMMIT,2042,2042,0,,BOREAS PASS,RD,2086159018,88
SUMMIT,2262,2542,0,,BOREAS PASS,RD,2086159018,88
SUMMIT,2562,2612,0,,BOREAS PASS,RD,2086159018,88
SUMMIT,3082,3082,0,,BOREAS PASS,RD,2086159018,88
SUMMIT,3101,3142,0,,BOREAS PASS,RD,2086159018,89
SUMMIT,3182,3182,0,,BOREAS PASS,RD,2086159018,88
SUMMIT,3201,3311,0,,BOREAS PASS,RD,2086159018,89
SUMMIT,3312,3312,0,,BOREAS PASS,RD,2086159018,88
SUMMIT,3362,3362,0,,BOREAS PASS,RD,2086159018,89
SUMMIT,201,219,1,,BRIAR ROSE,LN,2086159018,87
SUMMIT,1100,1112,0,,BRIGHT HOPE,RD,2086159018,87
SUMMIT,1200,1212,0,,BROOKS HILL,DR,2086159018,87
SUMMIT,1006,1016,0,,BROOKSIDE,LN,2086159018,87
SUMMIT,78,201,0,,BUNKER HILL LODE,RD,2086159018,88
SUMMIT,5,48,0,,CARDINALS,CT,2086159018,88
SUMMIT,50,62,0,,CARTER,DR,2086159018,87
SUMMIT,36,236,2,,COUNTY RD 11,,2086159018,89
SUMMIT,46,346,2,,COUNTY RD 502,,2086159018,88
SUMMIT,32,224,0,,COUNTY RD 503,,2086159018,88
SUMMIT,230,230,0,,COUNTY RD 503,,2086159018,88
SUMMIT,43,43,0,,COUNTY RD 506,,2086159018,88
SUMMIT,56,131,0,,COUNTY RD 513,,2086159018,88
SUMMIT,0,655,0,,COUNTY RD 518,,2086159018,88
SUMMIT,78,201,0,,COUNTY RD 519,,2086159018,88
SUMMIT,56,56,0,,COUNTY RD 522,,2086159018,88
SUMMIT,21,21,0,,COUNTY RD 528,,2086159018,88
SUMMIT,108,576,2,,COUNTY RD 528,,2086159018,89
SUMMIT,11,54,0,,COUNTY RD 542,,2086159018,89
SUMMIT,123,184,0,,COUNTY RD 789,,2086159018,89
SUMMIT,80,92,0,,DEEP POWDER,CIR,2086159018,87
SUMMIT,106,325,0,N,FRENCH,ST,2086159018,87
SUMMIT,100,760,0,S,FRENCH,ST,2086159018,87
SUMMIT,95,325,0,S,GOLD FLAKE,TER,2086159018,87
SUMMIT,260,373,0,,GOLD FLAKE,CT,2086159018,87
SUMMIT,100,114,0,N,HARRIS,ST,2086159018,87
SUMMIT,100,312,0,S,HARRIS,ST,2086159018,87
SUMMIT,302,302,0,,HARRIS STREET,ALY,2086159018,87
SUMMIT,17,42,0,,HERMIT,DR,2086159018,87
SUMMIT,100,115,0,N,HIGH,ST,2086159018,87
SUMMIT,102,321,0,S,HIGH,ST,2086159018,87
SUMMIT,203,231,0,,HIGHLAND,TER,2086159018,87
SUMMIT,55,198,0,,HORIZON,LN,2086159018,89
SUMMIT,56,56,0,,HUB LODE,,2086159018,88
SUMMIT,37,256,0,,HUMMINGBIRD,DR,2086159018,88
SUMMIT,0,655,0,,ILLINOIS GULCH,RD,2086159018,88
SUMMIT,95,129,0,,KLACK,RD,2086159018,87
SUMMIT,101,455,0,,LINCOLN,AVE,2086159018,87
SUMMIT,100,328,2,N,MAIN,ST,2086159018,87
SUMMIT,100,710,2,S,MAIN,ST,2086159018,87
SUMMIT,160,160,0,,MONROE,RD,2086159018,89
SUMMIT,46,346,2,,MOONSTONE,RD,2086159018,88
SUMMIT,18,303,0,,OVERLOOK,DR,2086159018,88
SUMMIT,56,131,0,,PAGE,LN,2086159018,88
SUMMIT,103,131,0,N,PINE,ST,2086159018,87
SUMMIT,100,250,0,S,PINE,ST,2086159018,87
SUMMIT,89,133,0,,POWDER RIDGE,DR,2086159018,87
SUMMIT,11,54,0,,RETREAT LOOP,,2086159018,89
SUMMIT,103,216,0,N,RIDGE,ST,2086159018,87
SUMMIT,100,600,0,S,RIDGE,ST,2086159018,87
SUMMIT,22,282,0,,ROBBERS NEST,DR,2086159018,88
SUMMIT,100,108,0,S,ROYAL TIGER,RD,2086159018,87
SUMMIT,111,143,1,S,ROYAL TIGER,RD,2086159018,87
SUMMIT,107,111,0,,SHADOWS,DR,2086159018,87
SUMMIT,16,64,0,,SKI TRAIL,CIR,2086159018,88
SUMMIT,74,341,0,,SOUTHSIDE,TER,2086159018,87
SUMMIT,57,95,0,,SUNBEAM,DR,2086159018,87
SUMMIT,36,236,2,,WAGON,RD,2086159018,89
SUMMIT,205,413,0,,WASHINGTON,AVE,2086159018,87
SUMMIT,204,306,2,,WELLINGTON,RD,2086159018,87
SUMMIT,32,50,0,,AVALANCHE,CIR,2086159019,86
SUMMIT,138,170,0,,BUCK RIDGE,RD,2086159019,86
SUMMIT,36,616,0,,CARTIER,CT,2086159019,86
SUMMIT,16,237,0,,CLIMAX,DR,2086159019,86
SUMMIT,13,143,0,,COOPER,DR,2086159019,86
SUMMIT,36,616,0,,COUNTY RD 101,,2086159019,86
SUMMIT,28,1084,0,,COUNTY RD 121,,2086159019,86
SUMMIT,22,75,0,,COUNTY RD 123,,2086159019,86
SUMMIT,16,237,0,,COUNTY RD 124,,2086159019,86
SUMMIT,32,710,0,,COUNTY RD 127,,2086159019,86
SUMMIT,6,267,0,,COUNTY RD 131,,2086159019,86
SUMMIT,25,45,0,,COUNTY RD 89,,2086159019,86
SUMMIT,16,36,0,,COVE,BLVD,2086159019,86
SUMMIT,56,76,0,,COVE,BLVD,2086159019,86
SUMMIT,250,258,0,,COVE,BLVD,2086159019,86
SUMMIT,395,397,0,,COVE,BLVD,2086159019,86
SUMMIT,11,33,0,,CRYSTAL COVE,DR,2086159019,86
SUMMIT,52,112,0,,DOE,DR,2086159019,86
SUMMIT,48,318,0,,GEIL,LN,2086159019,86
SUMMIT,25,45,0,,GLACIER,DR,2086159019,86
SUMMIT,24,82,0,,GLEN COVE,DR,2086159019,86
SUMMIT,24,134,0,,HIDEAWAY,CT,2086159019,86
SUMMIT,26,230,0,,HONEYSUCKLE,CT,2086159019,86
SUMMIT,23,968,0,,IDLEWILD,DR,2086159019,86
SUMMIT,21,292,0,,MEADOW,DR,2086159019,86
SUMMIT,15,100,0,,REDTAIL,CT,2086159019,86
SUMMIT,42,71,0,,SAPPHIRE COVE,DR,2086159019,86
SUMMIT,26,276,0,,SNOWBERRY,WAY,2086159019,86
SUMMIT,74,88,0,,STAG,TRL,2086159019,86
SUMMIT,22,95,0,,STONER,DR,2086159019,86
SUMMIT,28,1148,0,,SUMMIT,DR,2086159019,86
SUMMIT,6,267,0,,SUNLIGHT,DR,2086159019,86
SUMMIT,26,376,0,,TALLY HO,CT,2086159019,86
SUMMIT,32,710,0,,VAIL,CIR,2086159019,86
SUMMIT,13,158,0,,WAGNER,WAY,2086159019,86
SUMMIT,101,1301,0,,ADAMS,AVE,2086159020,90
SUMMIT,20,80,0,,AGATE,RD,2086159020,94
SUMMIT,102,288,0,,ANNIE,RD,2086159020,90
SUMMIT,556,596,0,,ASPEN,DR,2086159020,92
SUMMIT,616,717,0,,ASPEN,DR,2086159020,93
SUMMIT,361,1161,1,,BLUE RIVER,PKY,2086159020,90
SUMMIT,200,855,0,,BRIAN,AVE,2086159020,90
SUMMIT,11,132,0,,BUFFALO,DR,2086159020,91
SUMMIT,16,537,0,,COUNTY RD 1247,,2086159020,93
SUMMIT,13,134,0,,COUNTY RD 1249,,2086159020,93
SUMMIT,154,234,0,,COUNTY RD 1249,,2086159020,92
SUMMIT,161,161,0,,DIAMOND,RD,2086159020,94
SUMMIT,135,171,0,,ELEVENTH,ST,2086159020,90
SUMMIT,43,244,0,,ELK THISTLE,DR,2086159020,93
SUMMIT,33,1228,0,,EMERALD,RD,2086159020,94
SUMMIT,10,315,0,,FAWN,CT,2086159020,91
SUMMIT,150,489,0,W,FOURTH,ST,2086159020,90
SUMMIT,66,632,0,,GARNET,RD,2086159020,94
SUMMIT,348,348,0,,JADE,RD,2086159020,94
SUMMIT,11,122,0,,KINGS,CT,2086159020,93
SUMMIT,141,262,0,,KINGS,CT,2086159020,92
SUMMIT,11,75,0,,LACY,DR,2086159020,91
SUMMIT,152,292,0,,LAKE VIEW,DR,2086159020,92
SUMMIT,311,572,0,,LAKE VIEW,DR,2086159020,93
SUMMIT,9,26,0,,LAREDO,DR,2086159020,91
SUMMIT,1959,2049,0,,LARKSPUR,LN,2086159020,93
SUMMIT,90,145,0,,LORD GORE,RD,2086159020,93
SUMMIT,302,376,0,,MINERS,LOOP,2086159020,90
SUMMIT,120,191,0,W,NINTH,ST,2086159020,90
SUMMIT,11,321,0,,NORTH SIDE,CIR,2086159020,91
SUMMIT,125,225,0,,OPAL,RD,2086159020,94
SUMMIT,101,274,0,,PEARL,LN,2086159020,94
SUMMIT,482,599,0,,POLAR,CT,2086159020,90
SUMMIT,521,1869,0,,ROYAL BUFFALO,DR,2086159020,93
SUMMIT,16,556,0,,ROYAL RED BIRD,DR,2086159020,93
SUMMIT,60,1757,0,,RUBY,RD,2086159020,94
SUMMIT,37,46,0,,RUNNING BEAR,TRL,2086159020,91
SUMMIT,0,29,0,,RYAN GULCH,RD,2086159020,91
SUMMIT,200,200,0,,RYAN GULCH,RD,2086159020,91
SUMMIT,309,512,0,,RYAN GULCH,RD,2086159020,91
SUMMIT,531,592,0,,RYAN GULCH,RD,2086159020,91
SUMMIT,651,652,0,,RYAN GULCH,RD,2086159020,91
SUMMIT,2061,2710,0,,RYAN GULCH,RD,2086159020,91
SUMMIT,3710,3710,0,,RYAN GULCH,RD,2086159020,91
SUMMIT,4812,7337,0,,RYAN GULCH,RD,2086159020,91
SUMMIT,12,631,0,,SAUTERNE,LN,2086159020,91
SUMMIT,31,252,0,,SHOOTING STAR,WAY,2086159020,93
SUMMIT,31,4040,0,,SILVERHEELS,DR,2086159020,91
SUMMIT,160,160,0,W,SIXTH,ST,2086159020,90
SUMMIT,28,69,0,,SKY PILOT,LN,2086159020,93
SUMMIT,13,134,0,,SOLOMONS,LN,2086159020,93
SUMMIT,154,234,0,,SOLOMONS,LN,2086159020,92
SUMMIT,36,467,0,,SPRINGBEAUTY,DR,2086159020,93
SUMMIT,122,129,0,,TENTH,ST,2086159020,90
SUMMIT,21,172,0,,THIMBLEBERRY,WAY,2086159020,93
SUMMIT,481,481,0,,THIRD,ST,2086159020,90
SUMMIT,100,205,0,,TOPAZ,RD,2086159020,94
SUMMIT,15,86,0,,TWENTY GRAND,CT,2086159020,91
SUMMIT,101,803,0,,TWENTY GRAND,DR,2086159020,91
SUMMIT,230,363,0,,WARREN,AVE,2086159020,90